时间 (s),薄膜厚度 (m),温度 (K)
0.0,0.0,298.15
0.020000000000000007,0.0,380.0
0.040000000000000015,0.0,380.0
0.060000000000000026,0.0,380.0
0.08000000000000003,0.0,380.0
0.10000000000000003,0.0,380.0
0.12000000000000005,0.0,380.0
0.14000000000000004,0.0,380.0
0.16000000000000006,0.0,380.0
0.18000000000000008,0.0,380.0
0.20000000000000007,0.0,380.0
0.22000000000000008,0.0,380.0
0.2400000000000001,0.0,380.0
0.2600000000000001,0.0,380.0
0.2800000000000001,0.0,380.0
0.3000000000000001,0.0,380.0
0.3200000000000001,0.0,380.0
0.34000000000000014,0.0,380.0
0.36000000000000015,0.0,380.0
0.3800000000000001,0.0,380.0
0.40000000000000013,0.0,380.0
0.42000000000000015,0.0,380.0
0.44000000000000017,0.0,380.0
0.4600000000000002,0.0,380.0
0.4800000000000002,0.0,380.0
0.5000000000000002,0.0,380.0
0.5200000000000002,0.0,380.0
0.5400000000000001,0.0,380.0
0.5600000000000002,0.0,380.0
0.5800000000000002,0.0,380.0
0.6000000000000002,0.0,380.0
0.6200000000000002,0.0,380.0
0.6400000000000002,0.0,380.0
0.6600000000000003,0.0,380.0
0.6800000000000003,0.0,380.0
0.7000000000000003,0.0,380.0
0.0,1.8750000000000002e-05,298.15
0.020000000000000007,1.8750000000000002e-05,344.7995894959606
0.040000000000000015,1.8750000000000002e-05,371.0904742759511
0.060000000000000026,1.8750000000000002e-05,365.2295041475007
0.08000000000000003,1.8750000000000002e-05,372.50112443228164
0.10000000000000003,1.8750000000000002e-05,369.81943856754145
0.12000000000000005,1.8750000000000002e-05,373.3934203131415
0.14000000000000004,1.8750000000000002e-05,371.9216678022407
0.16000000000000006,1.8750000000000002e-05,374.0386254941889
0.18000000000000008,1.8750000000000002e-05,373.14547951743924
0.20000000000000007,1.8750000000000002e-05,374.53518078669515
0.22000000000000008,1.8750000000000002e-05,373.9552929836778
0.2400000000000001,1.8750000000000002e-05,374.9319563420091
0.2600000000000001,1.8750000000000002e-05,374.5365888600334
0.2800000000000001,1.8750000000000002e-05,375.2574906736714
0.3000000000000001,1.8750000000000002e-05,374.97805095044527
0.3200000000000001,1.8750000000000002e-05,375.5300897566523
0.34000000000000014,1.8750000000000002e-05,375.3273749959382
0.36000000000000015,1.8750000000000002e-05,375.76220714966666
0.3800000000000001,1.8750000000000002e-05,375.6124880125254
0.40000000000000013,1.8750000000000002e-05,375.9626619723833
0.42000000000000015,1.8750000000000002e-05,375.8508512622056
0.44000000000000017,1.8750000000000002e-05,376.13789028908485
0.4600000000000002,1.8750000000000002e-05,376.05397715411306
0.4800000000000002,1.8750000000000002e-05,376.29270582514073
0.5000000000000002,1.8750000000000002e-05,376.22979855952696
0.5200000000000002,1.8750000000000002e-05,376.4307861853207
0.5400000000000001,1.8750000000000002e-05,376.3839894552109
0.5600000000000002,1.8750000000000002e-05,376.5549942139695
0.5800000000000002,1.8750000000000002e-05,376.52073820813257
0.6000000000000002,1.8750000000000002e-05,376.6675955147893
0.6200000000000002,1.8750000000000002e-05,376.6432195058317
0.6400000000000002,1.8750000000000002e-05,376.7704085896885
0.6600000000000003,1.8750000000000002e-05,376.7538930372452
0.6800000000000003,1.8750000000000002e-05,376.8649104307415
0.7000000000000003,1.8750000000000002e-05,376.8546989255614
0.0,3.7500000000000003e-05,298.15
0.020000000000000007,3.7500000000000003e-05,324.7988375728708
0.040000000000000015,3.7500000000000003e-05,354.5570597059094
0.060000000000000026,3.7500000000000003e-05,356.67005205249365
0.08000000000000003,3.7500000000000003e-05,360.755745368928
0.10000000000000003,3.7500000000000003e-05,363.2883415327038
0.12000000000000005,3.7500000000000003e-05,364.06405490862886
0.14000000000000004,3.7500000000000003e-05,366.2640167956372
0.16000000000000006,3.7500000000000003e-05,366.18858586004006
0.18000000000000008,3.7500000000000003e-05,368.0116892315295
0.20000000000000007,3.7500000000000003e-05,367.6903008918521
0.22000000000000008,3.7500000000000003e-05,369.1916363992089
0.2400000000000001,3.7500000000000003e-05,368.8176054713717
0.2600000000000001,3.7500000000000003e-05,370.05884772739415
0.2800000000000001,3.7500000000000003e-05,369.6999700867473
0.3000000000000001,3.7500000000000003e-05,370.733176802671
0.3200000000000001,3.7500000000000003e-05,370.4123377151018
0.34000000000000014,3.7500000000000003e-05,371.2787621868944
0.36000000000000015,3.7500000000000003e-05,371.00142214960283
0.3800000000000001,3.7500000000000003e-05,371.73327181730144
0.40000000000000013,3.7500000000000003e-05,371.49800692089855
0.42000000000000015,3.7500000000000003e-05,372.12044208843963
0.44000000000000017,3.7500000000000003e-05,371.9232868736936
0.4600000000000002,3.7500000000000003e-05,372.4560866944244
0.4800000000000002,3.7500000000000003e-05,372.2923878298945
0.5000000000000002,3.7500000000000003e-05,372.7512309453173
0.5200000000000002,3.7500000000000003e-05,372.6164343277425
0.5400000000000001,3.7500000000000003e-05,373.01385825683207
0.5600000000000002,3.7500000000000003e-05,372.9038198583007
0.5800000000000002,3.7500000000000003e-05,373.2499355612885
0.6000000000000002,3.7500000000000003e-05,373.16101594237585
0.6200000000000002,3.7500000000000003e-05,373.46404165005055
0.6400000000000002,3.7500000000000003e-05,373.39310363848887
0.6600000000000003,3.7500000000000003e-05,373.65976663459645
0.6800000000000003,3.7500000000000003e-05,373.6041326090591
0.7000000000000003,3.7500000000000003e-05,373.8399745644833
0.0,5.6250000000000005e-05,298.15
0.020000000000000007,5.6250000000000005e-05,313.3382386477565
0.040000000000000015,5.6250000000000005e-05,338.8584630189692
0.060000000000000026,5.6250000000000005e-05,347.7131016744169
0.08000000000000003,5.6250000000000005e-05,350.9570421890524
0.10000000000000003,5.6250000000000005e-05,355.3321620286289
0.12000000000000005,5.6250000000000005e-05,356.6715622715585
0.14000000000000004,5.6250000000000005e-05,359.1071897940702
0.16000000000000006,5.6250000000000005e-05,360.05285539471737
0.18000000000000008,5.6250000000000005e-05,361.5153721404928
0.20000000000000007,5.6250000000000005e-05,362.3127382265332
0.22000000000000008,5.6250000000000005e-05,363.2432516629263
0.2400000000000001,5.6250000000000005e-05,363.9458291708105
0.2600000000000001,5.6250000000000005e-05,364.56766740557407
0.2800000000000001,5.6250000000000005e-05,365.1921483216664
0.3000000000000001,5.6250000000000005e-05,365.6265576220688
0.3200000000000001,5.6250000000000005e-05,366.1821947912325
0.34000000000000014,5.6250000000000005e-05,366.49850986374366
0.36000000000000015,5.6250000000000005e-05,366.99300155742316
0.3800000000000001,5.6250000000000005e-05,367.2325427312283
0.40000000000000013,5.6250000000000005e-05,367.6730138594166
0.42000000000000015,5.6250000000000005e-05,367.86126875524656
0.44000000000000017,5.6250000000000005e-05,368.25429393514236
0.4600000000000002,5.6250000000000005e-05,368.40745911225224
0.4800000000000002,5.6250000000000005e-05,368.7589829621074
0.5000000000000002,5.6250000000000005e-05,368.88762632144517
0.5200000000000002,5.6250000000000005e-05,369.2029335251569
0.5400000000000001,5.6250000000000005e-05,369.3141163421639
0.5600000000000002,5.6250000000000005e-05,369.59785195799213
0.5800000000000002,5.6250000000000005e-05,369.6963946872236
0.6000000000000002,5.6250000000000005e-05,369.9526129289291
0.6200000000000002,5.6250000000000005e-05,370.04186976587954
0.6400000000000002,5.6250000000000005e-05,370.2740942005186
0.6600000000000003,5.6250000000000005e-05,370.3564382006761
0.6800000000000003,5.6250000000000005e-05,370.5677234938359
0.7000000000000003,5.6250000000000005e-05,370.64485717205645
0.0,7.500000000000001e-05,298.15
0.020000000000000007,7.500000000000001e-05,306.82636583976995
0.040000000000000015,7.500000000000001e-05,326.2038130744617
0.060000000000000026,7.500000000000001e-05,338.398918317858
0.08000000000000003,7.500000000000001e-05,342.59581197958465
0.10000000000000003,7.500000000000001e-05,347.27036496834126
0.12000000000000005,7.500000000000001e-05,349.82798149555134
0.14000000000000004,7.500000000000001e-05,352.159272277627
0.16000000000000006,7.500000000000001e-05,354.0027245815679
0.18000000000000008,7.500000000000001e-05,355.4044038777551
0.20000000000000007,7.500000000000001e-05,356.78451879948227
0.22000000000000008,7.500000000000001e-05,357.75852810552107
0.2400000000000001,7.500000000000001e-05,358.80909719530996
0.2600000000000001,7.500000000000001e-05,359.5613228160501
0.2800000000000001,7.500000000000001e-05,360.37137291951706
0.3000000000000001,7.500000000000001e-05,360.9948336120058
0.3200000000000001,7.500000000000001e-05,361.6272589943671
0.34000000000000014,7.500000000000001e-05,362.1672893479796
0.36000000000000015,7.500000000000001e-05,362.66741867649483
0.3800000000000001,7.500000000000001e-05,363.14770779918155
0.40000000000000013,7.500000000000001e-05,363.5485598549537
0.42000000000000015,7.500000000000001e-05,363.98243030117703
0.44000000000000017,7.500000000000001e-05,364.30826378587597
0.4600000000000002,7.500000000000001e-05,364.7038549611938
0.4800000000000002,7.500000000000001e-05,364.9726381488592
0.5000000000000002,7.500000000000001e-05,365.3353949042799
0.5200000000000002,7.500000000000001e-05,365.5605428893373
0.5400000000000001,7.500000000000001e-05,365.89444874903717
0.5600000000000002,7.500000000000001e-05,366.0860535538568
0.5800000000000002,7.500000000000001e-05,366.39425546964264
0.6000000000000002,7.500000000000001e-05,366.5599625423793
0.6200000000000002,7.500000000000001e-05,366.8450922984186
0.6400000000000002,7.500000000000001e-05,366.9907295772468
0.6600000000000003,7.500000000000001e-05,367.25507135111724
0.6800000000000003,7.500000000000001e-05,367.3851045419406
0.7000000000000003,7.500000000000001e-05,367.6306839421729
0.0,9.375e-05,298.15
0.020000000000000007,9.375e-05,303.0950079992914
0.040000000000000015,9.375e-05,316.9259095701972
0.060000000000000026,9.375e-05,329.47929949094345
0.08000000000000003,9.375e-05,335.1717133164162
0.10000000000000003,9.375e-05,339.7479995507283
0.12000000000000005,9.375e-05,343.2340734154558
0.14000000000000004,9.375e-05,345.7129774117942
0.16000000000000006,9.375e-05,348.0155853398369
0.18000000000000008,9.375e-05,349.6841967611704
0.20000000000000007,9.375e-05,351.29225293367597
0.22000000000000008,9.375e-05,352.5483387374099
0.2400000000000001,9.375e-05,353.72947508886017
0.2600000000000001,9.375e-05,354.7304713261621
0.2800000000000001,9.375e-05,355.6382674174374
0.3000000000000001,9.375e-05,356.4611750283269
0.3200000000000001,9.375e-05,357.18687079292476
0.34000000000000014,9.375e-05,357.87648337217064
0.36000000000000015,9.375e-05,358.47603820941134
0.3800000000000001,9.375e-05,359.06188550033056
0.40000000000000013,9.375e-05,359.57070775963126
0.42000000000000015,9.375e-05,360.073893801225
0.44000000000000017,9.375e-05,360.51510267253934
0.4600000000000002,9.375e-05,360.95147456542276
0.4800000000000002,9.375e-05,361.34065556563144
0.5000000000000002,9.375e-05,361.7224812031209
0.5200000000000002,9.375e-05,362.07048667731306
0.5400000000000001,9.375e-05,362.40745129820255
0.5600000000000002,9.375e-05,362.7220839417502
0.5800000000000002,9.375e-05,363.0219365944746
0.6000000000000002,9.375e-05,363.30898123285556
0.6200000000000002,9.375e-05,363.5779811966068
0.6400000000000002,9.375e-05,363.84184937805554
0.6600000000000003,9.375e-05,364.0850881879193
0.6800000000000003,9.375e-05,364.32922908523034
0.7000000000000003,9.375e-05,364.55087022759903
0.0,0.00011250000000000001,298.15
0.020000000000000007,0.00011250000000000001,300.9748633352077
0.040000000000000015,0.00011250000000000001,310.4382679277389
0.060000000000000026,0.00011250000000000001,321.67781408023217
0.08000000000000003,0.00011250000000000001,328.4113553836669
0.10000000000000003,0.00011250000000000001,333.009714548968
0.12000000000000005,0.00011250000000000001,336.9408443644957
0.14000000000000004,0.00011250000000000001,339.7541016526824
0.16000000000000006,0.00011250000000000001,342.25951442383246
0.18000000000000008,0.00011250000000000001,344.2615415203971
0.20000000000000007,0.00011250000000000001,346.0069929993422
0.22000000000000008,0.00011250000000000001,347.52692134268574
0.2400000000000001,0.00011250000000000001,348.83362783727495
0.2600000000000001,0.00011250000000000001,350.0300247107149
0.2800000000000001,0.00011250000000000001,351.06204968482064
0.3000000000000001,0.00011250000000000001,352.0285392365581
0.3200000000000001,0.00011250000000000001,352.87533969305247
0.34000000000000014,0.00011250000000000001,353.6731330091732
0.36000000000000015,0.00011250000000000001,354.38687353427406
0.3800000000000001,0.00011250000000000001,355.0580950046859
0.40000000000000013,0.00011250000000000001,355.6712946545029
0.42000000000000015,0.00011250000000000001,356.24579180231876
0.44000000000000017,0.00011250000000000001,356.780062008648
0.4600000000000002,0.00011250000000000001,357.2794122888649
0.4800000000000002,0.00011250000000000001,357.7499766328069
0.5000000000000002,0.00011250000000000001,358.1900373685735
0.5200000000000002,0.00011250000000000001,358.608168428737
0.5400000000000001,0.00011250000000000001,359.00076881400713
0.5600000000000002,0.00011250000000000001,359.3751560729971
0.5800000000000002,0.00011250000000000001,359.7292465917752
0.6000000000000002,0.00011250000000000001,360.066796438238
0.6200000000000002,0.00011250000000000001,360.3892418584005
0.6400000000000002,0.00011250000000000001,360.69556628158256
0.6600000000000003,0.00011250000000000001,360.99169963828024
0.6800000000000003,0.00011250000000000001,361.2714291654185
0.7000000000000003,0.00011250000000000001,361.54544340855784
0.0,0.00013125000000000002,298.15
0.020000000000000007,0.00013125000000000002,299.7600026263845
0.040000000000000015,0.00013125000000000002,306.06094454378115
0.060000000000000026,0.00013125000000000002,315.30425614130945
0.08000000000000003,0.00013125000000000002,322.3255286188725
0.10000000000000003,0.00013125000000000002,327.0525484079297
0.12000000000000005,0.00013125000000000002,331.0997479123793
0.14000000000000004,0.00013125000000000002,334.22896823851215
0.16000000000000006,0.00013125000000000002,336.86063328083947
0.18000000000000008,0.00013125000000000002,339.1094232860776
0.20000000000000007,0.00013125000000000002,341.00413080357504
0.22000000000000008,0.00013125000000000002,342.69924477069475
0.2400000000000001,0.00013125000000000002,344.1580938283106
0.2600000000000001,0.00013125000000000002,345.48461002180676
0.2800000000000001,0.00013125000000000002,346.6572516498985
0.3000000000000001,0.00013125000000000002,347.72845097921726
0.3200000000000001,0.00013125000000000002,348.69851420579914
0.34000000000000014,0.00013125000000000002,349.5865826185819
0.36000000000000015,0.00013125000000000002,350.4057710389841
0.3800000000000001,0.00013125000000000002,351.1581757411813
0.40000000000000013,0.00013125000000000002,351.86106544414537
0.42000000000000015,0.00013125000000000002,352.50997019322074
0.44000000000000017,0.00013125000000000002,353.1210469419535
0.4600000000000002,0.00013125000000000002,353.6889155933671
0.4800000000000002,0.00013125000000000002,354.22624275133825
0.5000000000000002,0.00013125000000000002,354.72924652898763
0.5200000000000002,0.00013125000000000002,355.20654629557407
0.5400000000000001,0.00013125000000000002,355.65667171238226
0.5600000000000002,0.00013125000000000002,356.084595213847
0.5800000000000002,0.00013125000000000002,356.49097004276706
0.6000000000000002,0.00013125000000000002,356.87791955484454
0.6200000000000002,0.00013125000000000002,357.2476620117214
0.6400000000000002,0.00013125000000000002,357.60034873435967
0.6600000000000003,0.00013125000000000002,357.9391225155984
0.6800000000000003,0.00013125000000000002,358.26295929836937
0.7000000000000003,0.00013125000000000002,358.5753449547608
0.0,0.00015000000000000001,298.15
0.020000000000000007,0.00015000000000000001,299.06972295889335
0.040000000000000015,0.00015000000000000001,303.17786764422243
0.060000000000000026,0.00015000000000000001,310.35079190059173
0.08000000000000003,0.00015000000000000001,317.0147819562752
0.10000000000000003,0.00015000000000000001,321.8099807970824
0.12000000000000005,0.00015000000000000001,325.81616962062844
0.14000000000000004,0.00015000000000000001,329.1295679348266
0.16000000000000006,0.00015000000000000001,331.86574172463014
0.18000000000000008,0.00015000000000000001,334.2597047199384
0.20000000000000007,0.00015000000000000001,336.29650961835625
0.22000000000000008,0.00015000000000000001,338.1094025981213
0.2400000000000001,0.00015000000000000001,339.7045619886518
0.2600000000000001,0.00015000000000000001,341.134946041277
0.2800000000000001,0.00015000000000000001,342.4260328314712
0.3000000000000001,0.00015000000000000001,343.59250904860784
0.3200000000000001,0.00015000000000000001,344.6629338403637
0.34000000000000014,0.00015000000000000001,345.638959473677
0.36000000000000015,0.00015000000000000001,346.5436270006218
0.3800000000000001,0.00015000000000000001,347.37673084540785
0.40000000000000013,0.00015000000000000001,348.1536991823361
0.42000000000000015,0.00015000000000000001,348.87605723620356
0.44000000000000017,0.00015000000000000001,349.55263872819086
0.4600000000000002,0.00015000000000000001,350.18699312380903
0.4800000000000002,0.00015000000000000001,350.7833046834311
0.5000000000000002,0.00015000000000000001,351.3463613243052
0.5200000000000002,0.00015000000000000001,351.8775414798254
0.5400000000000001,0.00015000000000000001,352.3819791356125
0.5600000000000002,0.00015000000000000001,352.8596356127752
0.5800000000000002,0.00015000000000000001,353.3153334057304
0.6000000000000002,0.00015000000000000001,353.74851639634284
0.6200000000000002,0.00015000000000000001,354.16333073618443
0.6400000000000002,0.00015000000000000001,354.559201609094
0.6600000000000003,0.00015000000000000001,354.9394768065045
0.6800000000000003,0.00015000000000000001,355.30377617398517
0.7000000000000003,0.00015000000000000001,355.65469331695516
0.0,0.00016875,298.15
0.020000000000000007,0.00016875,298.6741869087636
0.040000000000000015,0.00016875,301.3110053999114
0.060000000000000026,0.00016875,306.65285343677715
0.08000000000000003,0.00016875,312.5424696659583
0.10000000000000003,0.00016875,317.23718459390284
0.12000000000000005,0.00016875,321.12635668827494
0.14000000000000004,0.00016875,324.47811844150505
0.16000000000000006,0.00016875,327.28579422086744
0.18000000000000008,0.00016875,329.74885889069543
0.20000000000000007,0.00016875,331.8917200277615
0.22000000000000008,0.00016875,333.7883275076363
0.2400000000000001,0.00016875,335.48457798957173
0.2600000000000001,0.00016875,337.0029797798071
0.2800000000000001,0.00016875,338.3837370012116
0.3000000000000001,0.00016875,339.6356208409789
0.3200000000000001,0.00016875,340.78559922527546
0.34000000000000014,0.00016875,341.8408941565352
0.36000000000000015,0.00016875,342.81717101884277
0.3800000000000001,0.00016875,343.72224717735844
0.40000000000000013,0.00016875,344.5644891461459
0.42000000000000015,0.00016875,345.351682956094
0.44000000000000017,0.00016875,346.08822695631034
0.4600000000000002,0.00016875,346.7810307872185
0.4800000000000002,0.00016875,347.43265790955877
0.5000000000000002,0.00016875,348.04869829857114
0.5200000000000002,0.00016875,348.6310319267471
0.5400000000000001,0.00016875,349.1838709742175
0.5600000000000002,0.00016875,349.7089272636261
0.5800000000000002,0.00016875,350.2092063085967
0.6000000000000002,0.00016875,350.6864136015716
0.6200000000000002,0.00016875,351.14261111113314
0.6400000000000002,0.00016875,351.5794929597423
0.6600000000000003,0.00016875,351.99844587903567
0.6800000000000003,0.00016875,352.4010887739392
0.7000000000000003,0.00016875,352.7883629891905
0.0,0.0001875,298.15
0.020000000000000007,0.0001875,298.4494446883747
0.040000000000000015,0.0001875,300.1213640598324
0.060000000000000026,0.0001875,303.97407686462344
0.08000000000000003,0.0001875,308.9035728443926
0.10000000000000003,0.0001875,313.30632434641643
0.12000000000000005,0.0001875,317.01997009621914
0.14000000000000004,0.0001875,320.2973154021342
0.16000000000000006,0.0001875,323.1193451066229
0.18000000000000008,0.0001875,325.6001006485328
0.20000000000000007,0.0001875,327.799449048078
0.22000000000000008,0.0001875,329.75233547181824
0.2400000000000001,0.0001875,331.5136206560854
0.2600000000000001,0.0001875,333.1005008791821
0.2800000000000001,0.0001875,334.5468960988387
0.3000000000000001,0.0001875,335.8677997048478
0.3200000000000001,0.0001875,337.0815887182432
0.34000000000000014,0.0001875,338.20207693854286
0.36000000000000015,0.0001875,339.23921645721714
0.3800000000000001,0.0001875,340.2045197393055
0.40000000000000013,0.0001875,341.10408037821173
0.42000000000000015,0.0001875,341.94665521834827
0.44000000000000017,0.0001875,342.7367380994701
0.4600000000000002,0.0001875,343.4805909068595
0.4800000000000002,0.0001875,344.18200925535257
0.5000000000000002,0.0001875,344.84533237707336
0.5200000000000002,0.0001875,345.4739194918965
0.5400000000000001,0.0001875,346.0707794039183
0.5600000000000002,0.0001875,346.63885963453015
0.5800000000000002,0.0001875,347.1803185490685
0.6000000000000002,0.0001875,347.6976666056271
0.6200000000000002,0.0001875,348.1925492781592
0.6400000000000002,0.0001875,348.6670333851182
0.6600000000000003,0.0001875,349.1224642321521
0.6800000000000003,0.0001875,349.56049068536436
0.7000000000000003,0.0001875,349.9822784603153
0.0,0.00020625000000000003,298.15
0.020000000000000007,0.00020625000000000003,298.3206655075058
0.040000000000000015,0.00020625000000000003,299.36974331015915
0.060000000000000026,0.00020625000000000003,302.08115044459385
0.08000000000000003,0.00020625000000000003,306.03507311735837
0.10000000000000003,0.00020625000000000003,309.9906170630789
0.12000000000000005,0.00020625000000000003,313.4689648073672
0.14000000000000004,0.00020625000000000003,316.59377606052277
0.16000000000000006,0.00020625000000000003,319.3645006900106
0.18000000000000008,0.00020625000000000003,321.8217819103854
0.20000000000000007,0.00020625000000000003,324.02962652398446
0.22000000000000008,0.00020625000000000003,326.0095091108239
0.2400000000000001,0.00020625000000000003,327.8046162456705
0.2600000000000001,0.00020625000000000003,329.4362594470891
0.2800000000000001,0.00020625000000000003,330.92783795058693
0.3000000000000001,0.00020625000000000003,332.29856049207507
0.3200000000000001,0.00020625000000000003,333.5617465567844
0.34000000000000014,0.00020625000000000003,334.7323331288944
0.36000000000000015,0.00020625000000000003,335.81926150862114
0.3800000000000001,0.00020625000000000003,336.8331736638967
0.40000000000000013,0.00020625000000000003,337.78099330218055
0.42000000000000015,0.00020625000000000003,338.6700465703119
0.44000000000000017,0.00020625000000000003,339.5060278677414
0.4600000000000002,0.00020625000000000003,340.29402727694674
0.4800000000000002,0.00020625000000000003,341.03874696124467
0.5000000000000002,0.00020625000000000003,341.74387354849756
0.5200000000000002,0.00020625000000000003,342.413225837094
0.5400000000000001,0.00020625000000000003,343.04962922761985
0.5600000000000002,0.00020625000000000003,343.6561288044486
0.5800000000000002,0.00020625000000000003,344.23500560907127
0.6000000000000002,0.00020625000000000003,344.78865795659385
0.6200000000000002,0.00020625000000000003,345.3189939707137
0.6400000000000002,0.00020625000000000003,345.8278953655454
0.6600000000000003,0.00020625000000000003,346.3169862269152
0.6800000000000003,0.00020625000000000003,346.78775019145354
0.7000000000000003,0.00020625000000000003,347.2415746068877
0.0,0.00022500000000000002,298.15
0.020000000000000007,0.00022500000000000002,298.24749362079996
0.040000000000000015,0.00022500000000000002,298.9007086399267
0.060000000000000026,0.00022500000000000002,300.77067064482435
0.08000000000000003,0.00022500000000000002,303.83446310589414
0.10000000000000003,0.00022500000000000002,307.25231673985013
0.12000000000000005,0.00022500000000000002,310.43626256321056
0.14000000000000004,0.00022500000000000002,313.3563038225367
0.16000000000000006,0.00022500000000000002,316.01599277433365
0.18000000000000008,0.00022500000000000002,318.41129496226273
0.20000000000000007,0.00022500000000000002,320.5873774377152
0.22000000000000008,0.00022500000000000002,322.5628632286152
0.2400000000000001,0.00022500000000000002,324.3650281973657
0.2600000000000001,0.00022500000000000002,326.01668437614165
0.2800000000000001,0.00022500000000000002,327.5341757062177
0.3000000000000001,0.00022500000000000002,328.9358696858381
0.3200000000000001,0.00022500000000000002,330.233495502295
0.34000000000000014,0.00022500000000000002,331.43994715357286
0.36000000000000015,0.00022500000000000002,332.5645740598488
0.3800000000000001,0.00022500000000000002,333.6161903919798
0.40000000000000013,0.00022500000000000002,334.6023580910162
0.42000000000000015,0.00022500000000000002,335.52930805422125
0.44000000000000017,0.00022500000000000002,336.4030462032942
0.4600000000000002,0.00022500000000000002,337.2282408237298
0.4800000000000002,0.00022500000000000002,338.0095752911987
0.5000000000000002,0.00022500000000000002,338.7507383183804
0.5200000000000002,0.00022500000000000002,339.4553539398011
0.5400000000000001,0.00022500000000000002,340.12643740951137
0.5600000000000002,0.00022500000000000002,340.7668053268877
0.5800000000000002,0.00022500000000000002,341.3789597173906
0.6000000000000002,0.00022500000000000002,341.96512021219047
0.6200000000000002,0.00022500000000000002,342.5273687109948
0.6400000000000002,0.00022500000000000002,343.0674878540267
0.6600000000000003,0.00022500000000000002,343.58720490228336
0.6800000000000003,0.00022500000000000002,344.08797952612815
0.7000000000000003,0.00022500000000000002,344.5712388431387
0.0,0.00024375000000000002,298.15
0.020000000000000007,0.00024375000000000002,298.2055655148285
0.040000000000000015,0.00024375000000000002,298.60917462960794
0.060000000000000026,0.00024375000000000002,299.8777776044569
0.08000000000000003,0.00024375000000000002,302.1864896263354
0.10000000000000003,0.00024375000000000002,305.039513155702
0.12000000000000005,0.00024375000000000002,307.88161138492217
0.14000000000000004,0.00024375000000000002,310.56152233116717
0.16000000000000006,0.00024375000000000002,313.0630284029769
0.18000000000000008,0.00024375000000000002,315.36029822948973
0.20000000000000007,0.00024375000000000002,317.47161826926214
0.22000000000000008,0.00024375000000000002,319.4124077964434
0.2400000000000001,0.00024375000000000002,321.1974189343889
0.2600000000000001,0.00024375000000000002,322.8458026429096
0.2800000000000001,0.00024375000000000002,324.3702630964845
0.3000000000000001,0.00024375000000000002,325.7853704853044
0.3200000000000001,0.00024375000000000002,327.1021999604066
0.34000000000000014,0.00024375000000000002,328.3310408218319
0.36000000000000015,0.00024375000000000002,329.4810408803495
0.3800000000000001,0.00024375000000000002,330.55970326328696
0.40000000000000013,0.00024375000000000002,331.5742401538088
0.42000000000000015,0.00024375000000000002,332.53042191068437
0.44000000000000017,0.00024375000000000002,333.4338110069586
0.4600000000000002,0.00024375000000000002,334.289018750054
0.4800000000000002,0.00024375000000000002,335.1003350134469
0.5000000000000002,0.00024375000000000002,335.8715128206892
0.5200000000000002,0.00024375000000000002,336.6059079477571
0.5400000000000001,0.00024375000000000002,337.30659147327
0.5600000000000002,0.00024375000000000002,337.97624191507856
0.5800000000000002,0.00024375000000000002,338.6173729156723
0.6000000000000002,0.00024375000000000002,339.2321644482203
0.6200000000000002,0.00024375000000000002,339.8226734274747
0.6400000000000002,0.00024375000000000002,340.3907010319264
0.6600000000000003,0.00024375000000000002,340.93793278872124
0.6800000000000003,0.00024375000000000002,341.46587146742854
0.7000000000000003,0.00024375000000000002,341.9759030754819
0.0,0.00026250000000000004,298.15
0.020000000000000007,0.00026250000000000004,298.18174210953
0.040000000000000015,0.00026250000000000004,298.42986254651373
0.060000000000000026,0.00026250000000000004,299.27869375760406
0.08000000000000003,0.00026250000000000004,300.977799677975
0.10000000000000003,0.00026250000000000004,303.28838985196313
0.12000000000000005,0.00026250000000000004,305.7612245215329
0.14000000000000004,0.00026250000000000004,308.1773628907089
0.16000000000000006,0.00026250000000000004,310.4877401941606
0.18000000000000008,0.00026250000000000004,312.65552533815327
0.20000000000000007,0.00026250000000000004,314.6749982755847
0.22000000000000008,0.00026250000000000004,316.5543791002198
0.2400000000000001,0.00026250000000000004,318.29993476239696
0.2600000000000001,0.00026250000000000004,319.9242867946865
0.2800000000000001,0.00026250000000000004,321.4374544407568
0.3000000000000001,0.00026250000000000004,322.84980158078986
0.3200000000000001,0.00026250000000000004,324.17104623424393
0.34000000000000014,0.00026250000000000004,325.4093658614741
0.36000000000000015,0.00026250000000000004,326.57280973472564
0.3800000000000001,0.00026250000000000004,327.6679893910764
0.40000000000000013,0.00026250000000000004,328.7012256163708
0.42000000000000015,0.00026250000000000004,329.6779353198666
0.44000000000000017,0.00026250000000000004,330.6030556578741
0.4600000000000002,0.00026250000000000004,331.4810246977119
0.4800000000000002,0.00026250000000000004,332.3157578515475
0.5000000000000002,0.00026250000000000004,333.1108771891093
0.5200000000000002,0.00026250000000000004,333.8695487235965
0.5400000000000001,0.00026250000000000004,334.5947229297479
0.5600000000000002,0.00026250000000000004,335.28900021153305
0.5800000000000002,0.00026250000000000004,335.9547881855779
0.6000000000000002,0.00026250000000000004,336.5942437156587
0.6200000000000002,0.00026250000000000004,337.20934097087365
0.6400000000000002,0.00026250000000000004,337.8018778330732
0.6600000000000003,0.00026250000000000004,338.3734836408161
0.6800000000000003,0.00026250000000000004,338.9256600855025
0.7000000000000003,0.00026250000000000004,339.4597610527356
0.0,0.00028125000000000003,298.15
0.020000000000000007,0.00028125000000000003,298.16809109809685
0.040000000000000015,0.00028125000000000003,298.31970068483076
0.060000000000000026,0.00028125000000000003,298.8809089169821
0.08000000000000003,0.00028125000000000003,300.10700185869644
0.10000000000000003,0.00028125000000000003,301.9298878884679
0.12000000000000005,0.00028125000000000003,304.02843663041114
0.14000000000000004,0.00028125000000000003,306.1677351711547
0.16000000000000006,0.00028125000000000003,308.26655429802537
0.18000000000000008,0.00028125000000000003,310.2801483146898
0.20000000000000007,0.00028125000000000003,312.1857582249241
0.22000000000000008,0.00028125000000000003,313.9815323764778
0.2400000000000001,0.00028125000000000003,315.6676440397661
0.2600000000000001,0.00028125000000000003,317.24975800687224
0.2800000000000001,0.00028125000000000003,318.7347782003789
0.3000000000000001,0.00028125000000000003,320.1294586887004
0.3200000000000001,0.00028125000000000003,321.4413030718542
0.34000000000000014,0.00028125000000000003,322.67678942148837
0.36000000000000015,0.00028125000000000003,323.84239256648544
0.3800000000000001,0.00028125000000000003,324.9438622610194
0.40000000000000013,0.00028125000000000003,325.98651032620955
0.42000000000000015,0.00028125000000000003,326.97522266107063
0.44000000000000017,0.00028125000000000003,327.9143499554205
0.4600000000000002,0.00028125000000000003,328.8079487783253
0.4800000000000002,0.00028125000000000003,329.6596135312014
0.5000000000000002,0.00028125000000000003,330.4726822615452
0.5200000000000002,0.00028125000000000003,331.2501447169447
0.5400000000000001,0.00028125000000000003,331.9947476524649
0.5600000000000002,0.00028125000000000003,332.7089857184043
0.5800000000000002,0.00028125000000000003,333.3951291199941
0.6000000000000002,0.00028125000000000003,334.0552613247933
0.6200000000000002,0.00028125000000000003,334.69126934615133
0.6400000000000002,0.00028125000000000003,335.3048937173939
0.6600000000000003,0.00028125000000000003,335.8977110214686
0.6800000000000003,0.00028125000000000003,336.4711761300664
0.7000000000000003,0.00028125000000000003,337.0266114165781
0.0,0.00030000000000000003,298.15
0.020000000000000007,0.00030000000000000003,298.16033464045256
0.040000000000000015,0.00030000000000000003,298.2526585252243
0.060000000000000026,0.00030000000000000003,298.6200508156156
0.08000000000000003,0.00030000000000000003,299.4898476441343
0.10000000000000003,0.00030000000000000003,300.89515761183003
0.12000000000000005,0.00030000000000000003,302.6345405841932
0.14000000000000004,0.00030000000000000003,304.4941712415613
0.16000000000000006,0.00030000000000000003,306.37125543964663
0.18000000000000008,0.00030000000000000003,308.21373002289556
0.20000000000000007,0.00030000000000000003,309.98832496383596
0.22000000000000008,0.00030000000000000003,311.6829758689638
0.2400000000000001,0.00030000000000000003,313.2925724431874
0.2600000000000001,0.00030000000000000003,314.81674925492985
0.2800000000000001,0.00030000000000000003,316.2587118637637
0.3000000000000001,0.00030000000000000003,317.6221768107653
0.3200000000000001,0.00030000000000000003,318.9120679560544
0.34000000000000014,0.00030000000000000003,320.13321897435156
0.36000000000000015,0.00030000000000000003,321.2904706031099
0.3800000000000001,0.00030000000000000003,322.3885380647056
0.40000000000000013,0.00030000000000000003,323.4317654819809
0.42000000000000015,0.00030000000000000003,324.4243249526575
0.44000000000000017,0.00030000000000000003,325.3700009532796
0.4600000000000002,0.00030000000000000003,326.2723510827928
0.4800000000000002,0.00030000000000000003,327.1346232058835
0.5000000000000002,0.00030000000000000003,327.9598149454803
0.5200000000000002,0.00030000000000000003,328.75068631410704
0.5400000000000001,0.00030000000000000003,329.5097580692501
0.5600000000000002,0.00030000000000000003,330.23936064055613
0.5800000000000002,0.00030000000000000003,330.94161591876895
0.6000000000000002,0.00030000000000000003,331.6184846991111
0.6200000000000002,0.00030000000000000003,332.2717552749789
0.6400000000000002,0.00030000000000000003,332.90307538446723
0.6600000000000003,0.00030000000000000003,333.5139531584856
0.6800000000000003,0.00030000000000000003,334.10577368138917
0.7000000000000003,0.00030000000000000003,334.67980908024475
0.0,0.00031875,298.15
0.020000000000000007,0.00031875,298.155890125042
0.040000000000000015,0.00031875,298.21182877092974
0.060000000000000026,0.00031875,298.4501354920182
0.08000000000000003,0.00031875,299.05818406097075
0.10000000000000003,0.00031875,300.1200681879802
0.12000000000000005,0.00031875,301.5305920661708
0.14000000000000004,0.00031875,303.11762686287733
0.16000000000000006,0.00031875,304.7712308072154
0.18000000000000008,0.00031875,306.4332386011435
0.20000000000000007,0.00031875,308.06467522635427
0.22000000000000008,0.00031875,309.64510606706546
0.2400000000000001,0.00031875,311.1644265209406
0.2600000000000001,0.00031875,312.6174890429316
0.2800000000000001,0.00031875,314.00364092399764
0.3000000000000001,0.00031875,315.32389228891594
0.3200000000000001,0.00031875,316.580636102086
0.34000000000000014,0.00031875,317.7769751339797
0.36000000000000015,0.00031875,318.9162140587575
0.3800000000000001,0.00031875,320.0018870415642
0.40000000000000013,0.00031875,321.0374055122252
0.42000000000000015,0.00031875,322.0261354519666
0.44000000000000017,0.00031875,322.97126564728205
0.4600000000000002,0.00031875,323.8758135691806
0.4800000000000002,0.00031875,324.742622138764
0.5000000000000002,0.00031875,325.57433004355363
0.5200000000000002,0.00031875,326.3734092097064
0.5400000000000001,0.00031875,327.1421387460998
0.5600000000000002,0.00031875,327.8826394469788
0.5800000000000002,0.00031875,328.59686504855097
0.6000000000000002,0.00031875,329.28662253874285
0.6200000000000002,0.00031875,329.9535780467568
0.6400000000000002,0.00031875,330.5992659620559
0.6600000000000003,0.00031875,331.22510201955527
0.6800000000000003,0.00031875,331.8323871156577
0.7000000000000003,0.00031875,332.42232144905483
0.0,0.0003375,298.15
0.020000000000000007,0.0003375,298.15336476670467
0.040000000000000015,0.0003375,298.18718107378686
0.060000000000000026,0.0003375,298.3406301776297
0.08000000000000003,0.0003375,298.7602919926434
0.10000000000000003,0.0003375,299.5484796732736
0.12000000000000005,0.0003375,300.6694671114634
0.14000000000000004,0.0003375,301.9995328541575
0.16000000000000006,0.0003375,303.43470151616935
0.18000000000000008,0.0003375,304.91360728177483
0.20000000000000007,0.0003375,306.3947322491494
0.22000000000000008,0.0003375,307.8519445116301
0.2400000000000001,0.0003375,309.27066399348735
0.2600000000000001,0.0003375,310.6420236791158
0.2800000000000001,0.0003375,311.9618453579849
0.3000000000000001,0.0003375,313.2286201707661
0.3200000000000001,0.0003375,314.4424611606249
0.34000000000000014,0.0003375,315.6047041618758
0.36000000000000015,0.0003375,316.71722194806665
0.3800000000000001,0.0003375,317.7823314266881
0.40000000000000013,0.0003375,318.80250986340343
0.42000000000000015,0.0003375,319.78030383012356
0.44000000000000017,0.0003375,320.71826278892644
0.4600000000000002,0.0003375,321.6188546789295
0.4800000000000002,0.0003375,322.48447055739643
0.5000000000000002,0.0003375,323.3173735460407
0.5200000000000002,0.0003375,324.1197108018906
0.5400000000000001,0.0003375,324.8934959746795
0.5600000000000002,0.0003375,325.6406139469715
0.5800000000000002,0.0003375,326.36282380553735
0.6000000000000002,0.0003375,327.0617590903289
0.6200000000000002,0.0003375,327.7389387476657
0.6400000000000002,0.0003375,328.39576750314154
0.6600000000000003,0.0003375,329.03354737691063
0.6800000000000003,0.0003375,329.65348033498185
0.7000000000000003,0.0003375,330.2566775109105
0.0,0.00035625,298.15
0.020000000000000007,0.00035625,298.15191771515583
0.040000000000000015,0.00035625,298.1722717718089
0.060000000000000026,0.00035625,298.2703496891702
0.08000000000000003,0.00035625,298.55669831513245
0.10000000000000003,0.00035625,299.13262290488257
0.12000000000000005,0.00035625,300.0073119092172
0.14000000000000004,0.00035625,301.10267242127725
0.16000000000000006,0.00035625,302.3300439449234
0.18000000000000008,0.00035625,303.6288482865801
0.20000000000000007,0.00035625,304.95723722086547
0.22000000000000008,0.00035625,306.2860493665474
0.2400000000000001,0.00035625,307.59716478977344
0.2600000000000001,0.00035625,308.8788594474714
0.2800000000000001,0.00035625,310.12404635928243
0.3000000000000001,0.00035625,311.32891041688094
0.3200000000000001,0.00035625,312.49158797610175
0.34000000000000014,0.00035625,313.61172509556826
0.36000000000000015,0.00035625,314.6898546920898
0.3800000000000001,0.00035625,315.72712452291626
0.40000000000000013,0.00035625,316.72507809110664
0.42000000000000015,0.00035625,317.6854652506352
0.44000000000000017,0.00035625,318.6101728184815
0.4600000000000002,0.00035625,319.5011174012992
0.4800000000000002,0.00035625,320.36021523477655
0.5000000000000002,0.00035625,321.1893363600717
0.5200000000000002,0.00035625,321.99028421697227
0.5400000000000001,0.00035625,322.764783433963
0.5600000000000002,0.00035625,323.5144661969667
0.5800000000000002,0.00035625,324.24087370116337
0.6000000000000002,0.00035625,324.9454498570542
0.6200000000000002,0.00035625,325.6295462838726
0.6400000000000002,0.00035625,326.2944221948322
0.6600000000000003,0.00035625,326.94124931432594
0.6800000000000003,0.00035625,327.5711156392615
0.7000000000000003,0.00035625,328.18502966988683
0.0,0.000375,298.15
0.020000000000000007,0.000375,298.1510955054538
0.040000000000000015,0.000375,298.16332879500163
0.060000000000000026,0.000375,298.2256704339397
0.08000000000000003,0.000375,298.41913497978567
0.10000000000000003,0.000375,298.8340842364557
0.12000000000000005,0.000375,299.5051901561524
0.14000000000000004,0.000375,300.3922471296326
0.16000000000000006,0.000375,301.426712100441
0.18000000000000008,0.000375,302.55282900814154
0.20000000000000007,0.000375,303.7302247045735
0.22000000000000008,0.000375,304.9289191274847
0.2400000000000001,0.000375,306.12849536962096
0.2600000000000001,0.000375,307.31513258019123
0.2800000000000001,0.000375,308.4795362554022
0.3000000000000001,0.000375,309.6159042576719
0.3200000000000001,0.000375,310.7206921419123
0.34000000000000014,0.000375,311.7920329634311
0.36000000000000015,0.000375,312.82922046466024
0.3800000000000001,0.000375,313.8323263304209
0.40000000000000013,0.000375,314.801990074681
0.42000000000000015,0.000375,315.7392003136583
0.44000000000000017,0.000375,316.64518800343177
0.4600000000000002,0.000375,317.5213208427979
0.4800000000000002,0.000375,318.36903748404416
0.5000000000000002,0.000375,319.1898027189315
0.5200000000000002,0.000375,319.9850674727504
0.5400000000000001,0.000375,320.7562509876127
0.5600000000000002,0.000375,321.5047200097808
0.5800000000000002,0.000375,322.2317817176888
0.6000000000000002,0.000375,322.93867582225784
0.6200000000000002,0.000375,323.62657201945046
0.6400000000000002,0.000375,324.29656940758207
0.6600000000000003,0.000375,324.9496964248617
0.6800000000000003,0.000375,325.5869136201247
0.7000000000000003,0.000375,326.20911528310927
0.0,0.00039375000000000006,298.15
0.020000000000000007,0.00039375000000000006,298.1506243723852
0.040000000000000015,0.00039375000000000006,298.1579484987569
0.060000000000000026,0.00039375000000000006,298.197330479839
0.08000000000000003,0.00039375000000000006,298.32683965164364
0.10000000000000003,0.00039375000000000006,298.6220650964388
0.12000000000000005,0.00039375000000000006,299.12917256559246
0.14000000000000004,0.00039375000000000006,299.8362532292862
0.16000000000000006,0.00039375000000000006,300.69576791256924
0.18000000000000008,0.00039375000000000006,301.66000694046505
0.20000000000000007,0.00039375000000000006,302.69166002471036
0.22000000000000008,0.00039375000000000006,303.7616212540292
0.2400000000000001,0.00039375000000000006,304.84849791601516
0.2600000000000001,0.00039375000000000006,305.93711709348435
0.2800000000000001,0.00039375000000000006,307.01666012553585
0.3000000000000001,0.00039375000000000006,308.07975093758034
0.3200000000000001,0.00039375000000000006,309.1214602889649
0.34000000000000014,0.00039375000000000006,310.1386410038617
0.36000000000000015,0.00039375000000000006,311.12947838604833
0.3800000000000001,0.00039375000000000006,312.0930826567892
0.40000000000000013,0.00039375000000000006,313.0292527714901
0.42000000000000015,0.00039375000000000006,313.9382622925344
0.44000000000000017,0.00039375000000000006,314.82071637907615
0.4600000000000002,0.00039375000000000006,315.6774463140157
0.4800000000000002,0.00039375000000000006,316.5094230686009
0.5000000000000002,0.00039375000000000006,317.31770415102545
0.5200000000000002,0.00039375000000000006,318.1033855880166
0.5400000000000001,0.00039375000000000006,318.86757346228256
0.5600000000000002,0.00039375000000000006,319.6113601814007
0.5800000000000002,0.00039375000000000006,320.3358089749089
0.6000000000000002,0.00039375000000000006,321.0419438805844
0.6200000000000002,0.00039375000000000006,321.7307420557568
0.6400000000000002,0.00039375000000000006,322.40313073594706
0.6600000000000003,0.00039375000000000006,323.0599845239007
0.6800000000000003,0.00039375000000000006,323.70212560012743
0.7000000000000003,0.00039375000000000006,324.3303240410803
0.0,0.00041250000000000005,298.15
0.020000000000000007,0.00041250000000000005,298.1503566762004
0.040000000000000015,0.00041250000000000005,298.1547379008997
0.060000000000000026,0.00041250000000000005,298.1795111198187
0.08000000000000003,0.00041250000000000005,298.2655356343958
0.10000000000000003,0.00041250000000000005,298.47322727717955
0.12000000000000005,0.00041250000000000005,298.85108533986323
0.14000000000000004,0.00041250000000000005,299.4063327546273
0.16000000000000006,0.00041250000000000005,300.11058721684134
0.18000000000000008,0.00041250000000000005,300.9260973137055
0.20000000000000007,0.00041250000000000005,301.81996763597647
0.22000000000000008,0.00041250000000000005,302.7651996222756
0.2400000000000001,0.00041250000000000005,303.7406244976041
0.2600000000000001,0.00041250000000000005,304.73046607054374
0.2800000000000001,0.00041250000000000005,305.7230027985569
0.3000000000000001,0.00041250000000000005,306.7097447036972
0.3200000000000001,0.00041250000000000005,307.68468506313104
0.34000000000000014,0.00041250000000000005,308.64364982834365
0.36000000000000015,0.00041250000000000005,309.5838801810558
0.3800000000000001,0.00041250000000000005,310.5036512228233
0.40000000000000013,0.00041250000000000005,311.40201116835703
0.42000000000000015,0.00041250000000000005,312.27857746765557
0.44000000000000017,0.00041250000000000005,313.1333747058056
0.4600000000000002,0.00041250000000000005,313.9667232120219
0.4800000000000002,0.00041250000000000005,314.7791446195149
0.5000000000000002,0.00041250000000000005,315.5712977584345
0.5200000000000002,0.00041250000000000005,316.34392708799436
0.5400000000000001,0.00041250000000000005,317.0978252072854
0.5600000000000002,0.00041250000000000005,317.8338060235045
0.5800000000000002,0.00041250000000000005,318.55268369378416
0.6000000000000002,0.00041250000000000005,319.25525922328166
0.6200000000000002,0.00041250000000000005,319.9423097502206
0.6400000000000002,0.00041250000000000005,320.61458230737446
0.6600000000000003,0.00041250000000000005,321.27278935687286
0.6800000000000003,0.00041250000000000005,321.91760643983014
0.7000000000000003,0.00041250000000000005,322.5496712181827
0.0,0.00043125000000000005,298.15
0.020000000000000007,0.00043125000000000005,298.15020328403705
0.040000000000000015,0.00043125000000000005,298.1528148865798
0.060000000000000026,0.00043125000000000005,298.1683158801399
0.08000000000000003,0.00043125000000000005,298.2250200190225
0.10000000000000003,0.00043125000000000005,298.3696272182539
0.12000000000000005,0.00043125000000000005,298.6476090191814
0.14000000000000004,0.00043125000000000005,299.07758205990945
0.16000000000000006,0.00043125000000000005,299.6469050467102
0.18000000000000008,0.00043125000000000005,300.3283410412629
0.20000000000000007,0.00043125000000000005,301.0943999687024
0.22000000000000008,0.00043125000000000005,301.92105566460486
0.2400000000000001,0.00043125000000000005,302.7883420210268
0.2600000000000001,0.00043125000000000005,303.68059728862977
0.2800000000000001,0.00043125000000000005,304.5857547133121
0.3000000000000001,0.00043125000000000005,305.49467106387834
0.3200000000000001,0.00043125000000000005,306.4005818101831
0.34000000000000014,0.00043125000000000005,307.2985433730606
0.36000000000000015,0.00043125000000000005,308.1850406784208
0.3800000000000001,0.00043125000000000005,309.0576508554421
0.40000000000000013,0.00043125000000000005,309.9147776213295
0.42000000000000015,0.00043125000000000005,310.75545487224196
0.44000000000000017,0.00043125000000000005,311.579182149794
0.4600000000000002,0.00043125000000000005,312.38580619733045
0.4800000000000002,0.00043125000000000005,313.1754251421666
0.5000000000000002,0.00043125000000000005,313.94831639223946
0.5200000000000002,0.00043125000000000005,314.70488236216954
0.5400000000000001,0.00043125000000000005,315.4456077165445
0.5600000000000002,0.00043125000000000005,316.17102888180625
0.5800000000000002,0.00043125000000000005,316.8817099121676
0.6000000000000002,0.00043125000000000005,317.5782255712543
0.6200000000000002,0.00043125000000000005,318.26114858147315
0.6400000000000002,0.00043125000000000005,318.9310406187439
0.6600000000000003,0.00043125000000000005,319.588446191206
0.6800000000000003,0.00043125000000000005,320.2338883303621
0.7000000000000003,0.00043125000000000005,320.867866158291
0.0,0.00045000000000000004,298.15
0.020000000000000007,0.00045000000000000004,298.15011612713863
0.040000000000000015,0.00045000000000000004,298.1516722492982
0.060000000000000026,0.00045000000000000004,298.1613400398604
0.08000000000000003,0.00045000000000000004,298.19848574056834
0.10000000000000003,0.00045000000000000004,298.29825154138246
0.12000000000000005,0.00045000000000000004,298.50038216873736
0.14000000000000004,0.00045000000000000004,298.8290128951285
0.16000000000000006,0.00045000000000000004,299.2833167298147
0.18000000000000008,0.00045000000000000004,299.84599820378264
0.20000000000000007,0.00045000000000000004,300.49550051761184
0.22000000000000008,0.00045000000000000004,301.21133629589
0.2400000000000001,0.00045000000000000004,301.97546179498715
0.2600000000000001,0.00045000000000000004,302.7729657184463
0.2800000000000001,0.00045000000000000004,303.5919301173007
0.3000000000000001,0.00045000000000000004,304.422984972152
0.3200000000000001,0.00045000000000000004,305.25892882508674
0.34000000000000014,0.00045000000000000004,306.0943001578663
0.36000000000000015,0.00045000000000000004,306.92502514217097
0.3800000000000001,0.00045000000000000004,307.74812845350493
0.40000000000000013,0.00045000000000000004,308.56148363763765
0.42000000000000015,0.00045000000000000004,309.3636245779125
0.44000000000000017,0.00045000000000000004,310.1535884835204
0.4600000000000002,0.00045000000000000004,310.93079480946517
0.4800000000000002,0.00045000000000000004,311.69495073161585
0.5000000000000002,0.00045000000000000004,312.4459759314978
0.5200000000000002,0.00045000000000000004,313.18394622454144
0.5400000000000001,0.00045000000000000004,313.90904864187434
0.5600000000000002,0.00045000000000000004,314.6215479758512
0.5800000000000002,0.00045000000000000004,315.32176090615474
0.6000000000000002,0.00045000000000000004,316.01003649341936
0.6200000000000002,0.00045000000000000004,316.68674176231076
0.6400000000000002,0.00045000000000000004,317.35225075661566
0.6600000000000003,0.00045000000000000004,318.00693682065275
0.6800000000000003,0.00045000000000000004,318.65116685989886
0.7000000000000003,0.00045000000000000004,319.2852974824877
0.0,0.00046875000000000004,298.15
0.020000000000000007,0.00046875000000000004,298.1500661855042
0.040000000000000015,0.00046875000000000004,298.15099038282034
0.060000000000000026,0.00046875000000000004,298.15699196800836
0.08000000000000003,0.00046875000000000004,298.18116705926354
0.10000000000000003,0.00046875000000000004,298.2494013091836
0.12000000000000005,0.00046875000000000004,298.3948026583343
0.14000000000000004,0.00046875000000000004,298.64293510947675
0.16000000000000006,0.00046875000000000004,299.0009942577255
0.18000000000000008,0.00046875000000000004,299.4602731912285
0.20000000000000007,0.00046875000000000004,300.00519134587796
0.22000000000000008,0.00046875000000000004,300.6191006183873
0.2400000000000001,0.00046875000000000004,301.2863539181415
0.2600000000000001,0.00046875000000000004,301.9933063738679
0.2800000000000001,0.00046875000000000004,302.72861544642603
0.3000000000000001,0.00046875000000000004,303.48306077184105
0.3200000000000001,0.00046875000000000004,304.24931052652414
0.34000000000000014,0.00046875000000000004,305.02162626917107
0.36000000000000015,0.00046875000000000004,305.79557142851405
0.3800000000000001,0.00046875000000000004,306.5677678511448
0.40000000000000013,0.00046875000000000004,307.3356764492354
0.42000000000000015,0.00046875000000000004,308.09742135171194
0.44000000000000017,0.00046875000000000004,308.85164547922614
0.4600000000000002,0.00046875000000000004,309.59739321879204
0.4800000000000002,0.00046875000000000004,310.3340190207657
0.5000000000000002,0.00046875000000000004,311.06111342515163
0.5200000000000002,0.00046875000000000004,311.77844611816516
0.5400000000000001,0.00046875000000000004,312.48592094424185
0.5600000000000002,0.00046875000000000004,313.1835410171669
0.5800000000000002,0.00046875000000000004,313.87138193375955
0.6000000000000002,0.00046875000000000004,314.54957088480853
0.6200000000000002,0.00046875000000000004,315.2182709452654
0.6400000000000002,0.00046875000000000004,315.8776689244942
0.6600000000000003,0.00046875000000000004,316.5279663234047
0.6800000000000003,0.00046875000000000004,317.1693725155829
0.7000000000000003,0.00046875000000000004,317.80209970697916
0.0,0.00048750000000000003,298.15
0.020000000000000007,0.00048750000000000003,298.15003780884155
0.040000000000000015,0.00048750000000000003,298.1505866737882
0.060000000000000026,0.00048750000000000003,298.1543030862441
0.08000000000000003,0.00048750000000000003,298.1699579446945
0.10000000000000003,0.00048750000000000003,298.2162758864214
0.12000000000000005,0.00048750000000000003,298.31984920180673
0.14000000000000004,0.00048750000000000003,298.5050835886535
0.16000000000000006,0.00048750000000000003,298.783967956376
0.18000000000000008,0.00048750000000000003,299.15464223901927
0.20000000000000007,0.00048750000000000003,299.60711776064505
0.22000000000000008,0.00048750000000000003,300.1286473363721
0.2400000000000001,0.00048750000000000003,300.7062411293397
0.2600000000000001,0.00048750000000000003,301.3278956073948
0.2800000000000001,0.00048750000000000003,301.9831945788538
0.3000000000000001,0.00048750000000000003,302.663385102856
0.3200000000000001,0.00048750000000000003,303.36128194900954
0.34000000000000014,0.00048750000000000003,304.0710939899856
0.36000000000000015,0.00048750000000000003,304.78820730301226
0.3800000000000001,0.00048750000000000003,305.5089883312546
0.40000000000000013,0.00048750000000000003,306.2306017302691
0.42000000000000015,0.00048750000000000003,306.9508540119386
0.44000000000000017,0.00048750000000000003,307.66806469492064
0.4600000000000002,0.00048750000000000003,308.3809583827476
0.4800000000000002,0.00048750000000000003,309.088578914308
0.5000000000000002,0.00048750000000000003,309.79021972253315
0.5200000000000002,0.00048750000000000003,310.48536857754294
0.5400000000000001,0.00048750000000000003,311.173664020172
0.5600000000000002,0.00048750000000000003,311.8548607418545
0.5800000000000002,0.00048750000000000003,312.5288027126047
0.6000000000000002,0.00048750000000000003,313.19540195081646
0.6200000000000002,0.00048750000000000003,313.8546220991671
0.6400000000000002,0.00048750000000000003,314.5064656140658
0.6600000000000003,0.00048750000000000003,315.15096383157675
0.6800000000000003,0.00048750000000000003,315.78816933261453
0.7000000000000003,0.00048750000000000003,316.4181500196989
0.0,0.0005062500000000001,298.15
0.020000000000000007,0.0005062500000000001,298.1500215487777
0.040000000000000015,0.0005062500000000001,298.1503465135662
0.060000000000000026,0.0005062500000000001,298.1526382409136
0.08000000000000003,0.0005062500000000001,298.1627183939047
0.10000000000000003,0.0005062500000000001,298.19392687224035
0.12000000000000005,0.0005062500000000001,298.26702879759
0.14000000000000004,0.0005062500000000001,298.40384878449476
0.16000000000000006,0.0005062500000000001,298.6186448102368
0.18000000000000008,0.0005062500000000001,298.91456890542804
0.20000000000000007,0.0005062500000000001,299.2865194464677
0.22000000000000008,0.0005062500000000001,299.72549779323765
0.2400000000000001,0.0005062500000000001,300.22125224643554
0.2600000000000001,0.0005062500000000001,300.763654653493
0.2800000000000001,0.0005062500000000001,301.34348309147646
0.3000000000000001,0.0005062500000000001,301.9527087886702
0.3200000000000001,0.0005062500000000001,302.5845308274159
0.34000000000000014,0.0005062500000000001,303.233306894413
0.36000000000000015,0.0005062500000000001,303.894415038626
0.3800000000000001,0.0005062500000000001,304.56410575367505
0.40000000000000013,0.0005062500000000001,305.23935927585904
0.42000000000000015,0.0005062500000000001,305.91775475172886
0.44000000000000017,0.0005062500000000001,306.5973595124997
0.4600000000000002,0.0005062500000000001,307.2766346500482
0.4800000000000002,0.0005062500000000001,307.95435757787226
0.5000000000000002,0.0005062500000000001,308.62955895275724
0.5200000000000002,0.0005062500000000001,309.3014714298414
0.5400000000000001,0.0005062500000000001,309.9694888524915
0.5600000000000002,0.0005062500000000001,310.6331333973694
0.5800000000000002,0.0005062500000000001,311.29202955399074
0.6000000000000002,0.0005062500000000001,311.94588339265925
0.6200000000000002,0.0005062500000000001,312.5944661034853
0.6400000000000002,0.0005062500000000001,313.2376009805589
0.6600000000000003,0.0005062500000000001,313.8751530513286
0.6800000000000003,0.0005062500000000001,314.50702089153503
0.7000000000000003,0.0005062500000000001,315.1331300943562
0.0,0.0005250000000000001,298.15
0.020000000000000007,0.0005250000000000001,298.1500123098708
0.040000000000000015,0.0005250000000000001,298.1502047566972
0.060000000000000026,0.0005250000000000001,298.15161528458316
0.08000000000000003,0.0005250000000000001,298.1580795033359
0.10000000000000003,0.0005250000000000001,298.1789762658128
0.12000000000000005,0.0005250000000000001,298.23014639244127
0.14000000000000004,0.0005250000000000001,298.3302169266543
0.16000000000000006,0.0005250000000000001,298.49390617823184
0.18000000000000008,0.0005250000000000001,298.72768629303516
0.20000000000000007,0.0005250000000000001,299.03045572720663
0.22000000000000008,0.0005250000000000001,299.39663947544045
0.2400000000000001,0.0005250000000000001,299.8186618691368
0.2600000000000001,0.0005250000000000001,300.28837664989436
0.2800000000000001,0.0005250000000000001,300.7979380937313
0.3000000000000001,0.0005250000000000001,301.34023668224734
0.3200000000000001,0.0005250000000000001,301.9090481808498
0.34000000000000014,0.0005250000000000001,302.49905177347364
0.36000000000000015,0.0005250000000000001,303.1057660744718
0.3800000000000001,0.0005250000000000001,303.72545166838853
0.40000000000000013,0.0005250000000000001,304.3550079232928
0.42000000000000015,0.0005250000000000001,304.99187148306106
0.44000000000000017,0.0005250000000000001,305.6339261702146
0.4600000000000002,0.0005250000000000001,306.2794247056011
0.4800000000000002,0.0005250000000000001,306.926922397677
0.5000000000000002,0.0005250000000000001,307.5752224130073
0.5200000000000002,0.0005250000000000001,308.22333049817837
0.5400000000000001,0.0005250000000000001,308.8704182449397
0.5600000000000002,0.0005250000000000001,309.5157931887052
0.5800000000000002,0.0005250000000000001,310.15887460178055
0.6000000000000002,0.0005250000000000001,310.7991739585045
0.6200000000000002,0.0005250000000000001,311.43627908500673
0.6400000000000002,0.0005250000000000001,312.069841371306
0.6600000000000003,0.0005250000000000001,312.69956536500246
0.6800000000000003,0.0005250000000000001,313.3252003214069
0.7000000000000003,0.0005250000000000001,313.9465333002643
0.0,0.0005437500000000001,298.15
0.020000000000000007,0.0005437500000000001,298.15000701590793
0.040000000000000015,0.0005437500000000001,298.1501206536498
0.060000000000000026,0.0005437500000000001,298.1509855115645
0.08000000000000003,0.0005437500000000001,298.1551101806364
0.10000000000000003,0.0005437500000000001,298.169012544915
0.12000000000000005,0.0005437500000000001,298.2045473143467
0.14000000000000004,0.0005437500000000001,298.2770654229828
0.16000000000000006,0.0005437500000000001,298.40056588617387
0.18000000000000008,0.0005437500000000001,298.5834103291621
0.20000000000000007,0.0005437500000000001,298.8275474555062
0.22000000000000008,0.0005437500000000001,299.1303754928257
0.2400000000000001,0.0005437500000000001,299.4868201683222
0.2600000000000001,0.0005437500000000001,299.8907155895446
0.2800000000000001,0.0005437500000000001,300.3356910508384
0.3000000000000001,0.0005437500000000001,300.8156907150896
0.3200000000000001,0.0005437500000000001,301.32521231423425
0.34000000000000014,0.0005437500000000001,301.8593963332258
0.36000000000000015,0.0005437500000000001,302.4140267820055
0.3800000000000001,0.0005437500000000001,302.9854833600288
0.40000000000000013,0.0005437500000000001,303.57067679600226
0.42000000000000015,0.0005437500000000001,304.16697823611236
0.44000000000000017,0.0005437500000000001,304.7721518305798
0.4600000000000002,0.0005437500000000001,305.3842942523485
0.4800000000000002,0.0005437500000000001,306.0017816559443
0.5000000000000002,0.0005437500000000001,306.6232247954891
0.5200000000000002,0.0005437500000000001,307.24743119744477
0.5400000000000001,0.0005437500000000001,307.8733737105992
0.5600000000000002,0.0005437500000000001,308.5001644973754
0.5800000000000002,0.0005437500000000001,309.1270334994879
0.6000000000000002,0.0005437500000000001,309.7533107100016
0.6200000000000002,0.0005437500000000001,310.378411486596
0.6400000000000002,0.0005437500000000001,311.00182440279355
0.6600000000000003,0.0005437500000000001,311.6231011447081
0.6800000000000003,0.0005437500000000001,312.241848074561
0.7000000000000003,0.0005437500000000001,312.8577191631576
0.0,0.0005625000000000001,298.15
0.020000000000000007,0.0005625000000000001,298.15000400791223
0.040000000000000015,0.0005625000000000001,298.1500711418246
0.060000000000000026,0.0005625000000000001,298.1506006865564
0.08000000000000003,0.0005625000000000001,298.15322387315217
0.10000000000000003,0.0005625000000000001,298.16242498880035
0.12000000000000005,0.0005625000000000001,298.18693022377727
0.14000000000000004,0.0005625000000000001,298.2390400912968
0.16000000000000006,0.0005625000000000001,298.33135343420656
0.18000000000000008,0.0005625000000000001,298.4730098130595
0.20000000000000007,0.0005625000000000001,298.6681026917916
0.22000000000000008,0.0005625000000000001,298.9164854121326
0.2400000000000001,0.0005625000000000001,299.21533144629547
0.2600000000000001,0.0005625000000000001,299.5603698590085
0.2800000000000001,0.0005625000000000001,299.9467293039292
0.3000000000000001,0.0005625000000000001,300.36948439345133
0.3200000000000001,0.0005625000000000001,300.82395352157545
0.34000000000000014,0.0005625000000000001,301.3058428630721
0.36000000000000015,0.0005625000000000001,301.8113003873147
0.3800000000000001,0.0005625000000000001,302.3369140772081
0.40000000000000013,0.0005625000000000001,302.8796841160403
0.42000000000000015,0.0005625000000000001,303.436983021717
0.44000000000000017,0.0005625000000000001,304.0065121198692
0.4600000000000002,0.0005625000000000001,304.58625984028714
0.4800000000000002,0.0005625000000000001,305.174463328451
0.5000000000000002,0.0005625000000000001,305.76957459769477
0.5200000000000002,0.0005625000000000001,306.3702311887658
0.5400000000000001,0.0005625000000000001,306.975230980263
0.5600000000000002,0.0005625000000000001,307.5835108075988
0.5800000000000002,0.0005625000000000001,308.19412827718406
0.6000000000000002,0.0005625000000000001,308.806246366342
0.6200000000000002,0.0005625000000000001,309.41912033683235
0.6400000000000002,0.0005625000000000001,310.03208658756876
0.6600000000000003,0.0005625000000000001,310.64455313547995
0.6800000000000003,0.0005625000000000001,311.2559914365777
0.7000000000000003,0.0005625000000000001,311.8659293405361
0.0,0.0005812500000000001,298.15
0.020000000000000007,0.0005812500000000001,298.15000228433155
0.040000000000000015,0.0005812500000000001,298.1500418356785
0.060000000000000026,0.0005812500000000001,298.15036494293093
0.08000000000000003,0.0005812500000000001,298.15202582333944
0.10000000000000003,0.0005812500000000001,298.158081476908
0.12000000000000005,0.0005812500000000001,298.17486555788014
0.14000000000000004,0.0005812500000000001,298.2120141980182
0.16000000000000006,0.0005812500000000001,298.2804198203498
0.18000000000000008,0.0005812500000000001,298.3892029161696
0.20000000000000007,0.0005812500000000001,298.5438052679036
0.22000000000000008,0.0005812500000000001,298.7459992513214
0.2400000000000001,0.0005812500000000001,298.9949017506386
0.2600000000000001,0.0005812500000000001,299.2879888363398
0.2800000000000001,0.0005812500000000001,299.6218495287533
0.3000000000000001,0.0005812500000000001,299.99271235558103
0.3200000000000001,0.0005812500000000001,300.39677062099264
0.34000000000000014,0.0005812500000000001,300.83036473195995
0.36000000000000015,0.0005812500000000001,301.29007763425665
0.3800000000000001,0.0005812500000000001,301.7727734279378
0.40000000000000013,0.0005812500000000001,302.27560392708403
0.42000000000000015,0.0005812500000000001,302.79599822872285
0.44000000000000017,0.0005812500000000001,303.33164326660807
0.4600000000000002,0.0005812500000000001,303.8804612724067
0.4800000000000002,0.0005812500000000001,304.44058670449135
0.5000000000000002,0.0005812500000000001,305.0103442084771
0.5200000000000002,0.0005812500000000001,305.5882284085808
0.5400000000000001,0.0005812500000000001,306.1728856458056
0.5600000000000002,0.0005812500000000001,306.763097757135
0.5800000000000002,0.0005812500000000001,307.35776771335065
0.6000000000000002,0.0005812500000000001,307.955906950513
0.6200000000000002,0.0005812500000000001,308.55662420875217
0.6400000000000002,0.0005812500000000001,309.1591156735259
0.6600000000000003,0.0005812500000000001,309.7626562664088
0.6800000000000003,0.0005812500000000001,310.3665919207162
0.7000000000000003,0.0005812500000000001,310.970332718541
0.0,0.0006000000000000001,298.15
0.020000000000000007,0.0006000000000000001,298.1500013050471
0.040000000000000015,0.0006000000000000001,298.15002462359985
0.060000000000000026,0.0006000000000000001,298.1502215939385
0.08000000000000003,0.0006000000000000001,298.1512705163667
0.10000000000000003,0.0006000000000000001,298.15523946156384
0.12000000000000005,0.0006000000000000001,298.16667024456336
0.14000000000000004,0.0006000000000000001,298.19297080993607
0.16000000000000006,0.0006000000000000001,298.24327187983624
0.18000000000000008,0.0006000000000000001,298.3261564300883
0.20000000000000007,0.0006000000000000001,298.4477681962057
0.22000000000000008,0.0006000000000000001,298.6112915242053
0.2400000000000001,0.0006000000000000001,298.8174616452786
0.2600000000000001,0.0006000000000000001,299.06531333747273
0.2800000000000001,0.0006000000000000001,299.35280761923576
0.3000000000000001,0.0006000000000000001,299.67730369696704
0.3200000000000001,0.0006000000000000001,300.0358831546329
0.34000000000000014,0.0006000000000000001,300.4255544122373
0.36000000000000015,0.0006000000000000001,300.84337851934833
0.3800000000000001,0.0006000000000000001,301.2865414366221
0.40000000000000013,0.0006000000000000001,301.7523916915075
0.42000000000000015,0.0006000000000000001,302.23845733575024
0.44000000000000017,0.0006000000000000001,302.7424498220294
0.4600000000000002,0.0006000000000000001,303.26226043004556
0.4800000000000002,0.0006000000000000001,303.79595255284266
0.5000000000000002,0.0006000000000000001,304.34175176003293
0.5200000000000002,0.0006000000000000001,304.8980350050933
0.5400000000000001,0.0006000000000000001,305.46331962408146
0.5600000000000002,0.0006000000000000001,306.0362525866797
0.5800000000000002,0.0006000000000000001,306.6156002323164
0.6000000000000002,0.0006000000000000001,307.2002385934191
0.6200000000000002,0.0006000000000000001,307.78914437427443
0.6400000000000002,0.0006000000000000001,308.38138657715746
0.6600000000000003,0.0006000000000000001,308.9761187691373
0.6800000000000003,0.0006000000000000001,309.57257195682195
0.7000000000000003,0.0006000000000000001,310.1700480330325
0.0,0.00061875,298.15
0.020000000000000007,0.00061875,298.1500007439894
0.040000000000000015,0.00061875,298.1500144582748
0.060000000000000026,0.00061875,298.15013417692836
0.08000000000000003,0.00061875,298.15079419453156
0.10000000000000003,0.00061875,298.15338383692875
0.12000000000000005,0.00061875,298.1611272186287
0.14000000000000004,0.00061875,298.17963426983096
0.16000000000000006,0.00061875,298.2163812895114
0.18000000000000008,0.00061875,298.27912500575826
0.20000000000000007,0.00061875,298.3742252289591
0.22000000000000008,0.00061875,298.5058307367002
0.2400000000000001,0.00061875,298.6759725205274
0.2600000000000001,0.00061875,298.88503255954384
0.2800000000000001,0.00061875,299.13221850398895
0.3000000000000001,0.00061875,299.41595717501497
0.3200000000000001,0.00061875,299.73419486773423
0.34000000000000014,0.00061875,300.0846091343091
0.36000000000000015,0.00061875,300.46475503410556
0.3800000000000001,0.00061875,300.87216415066484
0.40000000000000013,0.00061875,301.3044094155009
0.42000000000000015,0.00061875,301.75914688062335
0.44000000000000017,0.00061875,302.2341413847942
0.4600000000000002,0.00061875,302.7272811450784
0.4800000000000002,0.00061875,303.23658490019125
0.5000000000000002,0.00061875,303.7602038832722
0.5200000000000002,0.00061875,304.29642037208276
0.5400000000000001,0.00061875,304.84364395795103
0.5600000000000002,0.00061875,305.4004063413537
0.5800000000000002,0.00061875,305.9653552477153
0.6000000000000002,0.00061875,306.5372478478755
0.6200000000000002,0.00061875,307.11494397926305
0.6400000000000002,0.00061875,307.6973993596421
0.6600000000000003,0.00061875,308.28365893007174
0.6800000000000003,0.00061875,308.87285042085347
0.7000000000000003,0.00061875,309.4641781967573
0.0,0.0006375,298.15
0.020000000000000007,0.0006375,298.1500004253441
0.040000000000000015,0.0006375,298.1500085032148
0.060000000000000026,0.0006375,298.15008128276725
0.08000000000000003,0.0006375,298.1504961512071
0.10000000000000003,0.0006375,298.1521820896971
0.12000000000000005,0.0006375,298.15741070253483
0.14000000000000004,0.0006375,298.1703822799746
0.16000000000000006,0.0006375,298.19711313013715
0.18000000000000008,0.0006375,298.2444180101062
0.20000000000000007,0.0006375,298.31854093362455
0.22000000000000008,0.0006375,298.42422822421196
0.2400000000000001,0.0006375,298.5645074415139
0.2600000000000001,0.0006375,298.74088922365496
0.2800000000000001,0.0006375,298.95367808351483
0.3000000000000001,0.0006375,299.20227365638453
0.3200000000000001,0.0006375,299.4854314495665
0.34000000000000014,0.0006375,299.8014697909088
0.36000000000000015,0.0006375,300.1484281305121
0.3800000000000001,0.0006375,300.52418635281026
0.40000000000000013,0.0006375,300.9265524850824
0.42000000000000015,0.0006375,301.3533263353432
0.44000000000000017,0.0006375,301.80234484153925
0.4600000000000002,0.0006375,302.2715134640026
0.4800000000000002,0.0006375,302.758827212835
0.5000000000000002,0.0006375,303.2623838825829
0.5200000000000002,0.0006375,303.7803915208858
0.5400000000000001,0.0006375,304.3111716774495
0.5600000000000002,0.0006375,304.8531595742442
0.5800000000000002,0.0006375,305.4049020963375
0.6000000000000002,0.0006375,305.9650542606374
0.6200000000000002,0.0006375,306.5323746674987
0.6400000000000002,0.0006375,307.1057203131754
0.6600000000000003,0.0006375,307.68404103999563
0.6800000000000003,0.0006375,308.26637383377926
0.7000000000000003,0.0006375,308.8518371163211
0.0,0.00065625,298.15
0.020000000000000007,0.00065625,298.1500002430082
0.040000000000000015,0.00065625,298.15000499798055
0.060000000000000026,0.00065625,298.1500492124995
0.08000000000000003,0.00065625,298.15030978253264
0.10000000000000003,0.00065625,298.151406368915
0.12000000000000005,0.00065625,298.15493332311604
0.14000000000000004,0.00065625,298.1640162358709
0.16000000000000006,0.00065625,298.18344794554326
0.18000000000000008,0.00065625,298.21911208333603
0.20000000000000007,0.00065625,298.2769413058224
0.22000000000000008,0.00065625,298.3620003549321
0.2400000000000001,0.00065625,298.47805036521527
0.2600000000000001,0.00065625,298.62751602856963
0.2800000000000001,0.00065625,298.8116338583924
0.3000000000000001,0.00065625,299.0306566853039
0.3200000000000001,0.00065625,299.28406648361977
0.34000000000000014,0.00065625,299.5707678534996
0.36000000000000015,0.00065625,299.8892516969259
0.3800000000000001,0.00065625,300.2377292183846
0.40000000000000013,0.00065625,300.61423817487304
0.42000000000000015,0.00065625,301.01672515097545
0.44000000000000017,0.00065625,301.4431080616825
0.4600000000000002,0.00065625,301.89132248523606
0.4800000000000002,0.00065625,302.35935517486354
0.5000000000000002,0.00065625,302.8452675038031
0.5200000000000002,0.00065625,303.34721109178764
0.5400000000000001,0.00065625,303.86343746820756
0.5600000000000002,0.00065625,304.392303215805
0.5800000000000002,0.00065625,304.93227175360545
0.6000000000000002,0.00065625,305.4819126594079
0.6200000000000002,0.00065625,306.03989922792954
0.6400000000000002,0.00065625,306.6050048060524
0.6600000000000003,0.00065625,307.17609831347914
0.6800000000000003,0.00065625,307.7521392614381
0.7000000000000003,0.00065625,308.3321725021326
0.0,0.000675,298.15
0.020000000000000007,0.000675,298.1500001398512
0.040000000000000015,0.000675,298.15000295770244
0.060000000000000026,0.000675,298.15002998806153
0.08000000000000003,0.000675,298.15019463148246
0.10000000000000003,0.000675,298.15091208624347
0.12000000000000005,0.000675,298.15330534008444
0.14000000000000004,0.000675,298.1597048969139
0.16000000000000006,0.000675,298.17392552676773
0.18000000000000008,0.000675,298.2010137562318
0.20000000000000007,0.000675,298.24650672184794
0.22000000000000008,0.000675,298.31559446322126
0.2400000000000001,0.000675,298.4125526801205
0.2600000000000001,0.000675,298.540518000953
0.2800000000000001,0.000675,298.70148715239674
0.3000000000000001,0.000675,298.8964287093795
0.3200000000000001,0.000675,299.12544644178615
0.34000000000000014,0.000675,299.38795468093554
0.36000000000000015,0.000675,299.68284260605196
0.3800000000000001,0.000675,300.00861833488824
0.40000000000000013,0.000675,300.3635295685804
0.42000000000000015,0.000675,300.7456611069001
0.44000000000000017,0.000675,301.15301167937145
0.4600000000000002,0.000675,301.58355295866033
0.4800000000000002,0.000675,302.03527378622084
0.5000000000000002,0.000675,302.50621243382136
0.5200000000000002,0.000675,302.99447932570587
0.5400000000000001,0.000675,303.4982723051702
0.5600000000000002,0.000675,304.0158861437737
0.5800000000000002,0.000675,304.54571766996196
0.6000000000000002,0.000675,305.0862676201493
0.6200000000000002,0.000675,305.6361400758629
0.6400000000000002,0.000675,306.1940401666344
0.6600000000000003,0.000675,306.758770561828
0.6800000000000003,0.000675,307.3292271536535
0.7000000000000003,0.000675,307.9043942372304
0.0,0.00069375,298.15
0.020000000000000007,0.00069375,298.15000008151077
0.040000000000000015,0.00069375,298.15000177479584
0.060000000000000026,0.00069375,298.15001855126735
0.08000000000000003,0.00069375,298.1501242875121
0.10000000000000003,0.00069375,298.1506018908887
0.12000000000000005,0.00069375,298.1522557808787
0.14000000000000004,0.00069375,298.15685132563823
0.16000000000000006,0.00069375,298.16746409406335
0.18000000000000008,0.00069375,298.188451662678
0.20000000000000007,0.00069375,298.2249592924237
0.22000000000000008,0.00069375,298.28218649148175
0.2400000000000001,0.00069375,298.36474948313645
0.2600000000000001,0.00069375,298.476311162826
0.2800000000000001,0.00069375,298.6194547180771
0.3000000000000001,0.00069375,298.79571434006436
0.3200000000000001,0.00069375,299.0056935062971
0.34000000000000014,0.00069375,299.24922148529527
0.36000000000000015,0.00069375,299.52551543013004
0.3800000000000001,0.00069375,299.83333096850794
0.40000000000000013,0.00069375,300.17109342435623
0.42000000000000015,0.00069375,300.5370070971647
0.44000000000000017,0.00069375,300.9291433782912
0.4600000000000002,0.00069375,301.3455098744612
0.4800000000000002,0.00069375,301.78410326177703
0.5000000000000002,0.00069375,302.24294868290775
0.5200000000000002,0.00069375,302.7201282438962
0.5400000000000001,0.00069375,303.2138008598537
0.5600000000000002,0.00069375,303.7222153432684
0.5800000000000002,0.00069375,304.24371828773207
0.6000000000000002,0.00069375,304.77675800825136
0.6200000000000002,0.00069375,305.31988553864977
0.6400000000000002,0.00069375,305.87175347655716
0.6600000000000003,0.00069375,306.4311132922389
0.6800000000000003,0.00069375,306.9968115768388
0.7000000000000003,0.00069375,307.5677855950476
0.0,0.0007125,298.15
0.020000000000000007,0.0007125,298.1500000497298
0.040000000000000015,0.0007125,298.1500011153167
0.060000000000000026,0.0007125,298.1500120231518
0.08000000000000003,0.0007125,298.1500831666338
0.10000000000000003,0.0007125,298.15041618384925
0.12000000000000005,0.0007125,298.15161250197355
0.14000000000000004,0.0007125,298.1550623486503
0.16000000000000006,0.0007125,298.16332661450275
0.18000000000000008,0.0007125,298.1802524875293
0.20000000000000007,0.0007125,298.21065981223654
0.22000000000000008,0.0007125,298.25970446689973
0.2400000000000001,0.0007125,298.3322097351048
0.2600000000000001,0.0007125,298.43219636212217
0.2800000000000001,0.0007125,298.5626616479588
0.3000000000000001,0.0007125,298.72554725957133
0.3200000000000001,0.0007125,298.92182165846833
0.34000000000000014,0.0007125,299.1516203842066
0.36000000000000015,0.0007125,299.4144049588342
0.3800000000000001,0.0007125,299.70911728519656
0.40000000000000013,0.0007125,300.03431799751166
0.42000000000000015,0.0007125,300.3883040251301
0.44000000000000017,0.0007125,300.7692048030942
0.4600000000000002,0.0007125,301.1750587151713
0.4800000000000002,0.0007125,301.60387224718795
0.5000000000000002,0.0007125,302.05366461621634
0.5200000000000002,0.0007125,302.52250051858937
0.5400000000000001,0.0007125,303.0085133594359
0.5600000000000002,0.0007125,303.5099209924369
0.5800000000000002,0.0007125,304.0250356519886
0.6000000000000002,0.0007125,304.55226945163105
0.6200000000000002,0.0007125,305.09013654958153
0.6400000000000002,0.0007125,305.6372528531719
0.6600000000000003,0.0007125,306.19233394613866
0.6800000000000003,0.0007125,306.7541917688481
0.7000000000000003,0.0007125,307.32173045961196
0.0,0.00073125,298.15
0.020000000000000007,0.00073125,298.1500000338845
0.040000000000000015,0.00073125,298.15000078108795
0.060000000000000026,0.00073125,298.15000865884514
0.08000000000000003,0.00073125,298.15006161336026
0.10000000000000003,0.00073125,298.1503171870405
0.12000000000000005,0.00073125,298.15126382634753
0.14000000000000004,0.00073125,298.15407697813583
0.16000000000000006,0.00073125,298.1610130703148
0.18000000000000008,0.00073125,298.1756044864908
0.20000000000000007,0.00073125,298.2024553424485
0.22000000000000008,0.00073125,298.2466718053767
0.2400000000000001,0.00073125,298.3131832693578
0.2600000000000001,0.00073125,298.40621486191077
0.2800000000000001,0.00073125,298.5290081520994
0.3000000000000001,0.00073125,298.68374918977116
0.3200000000000001,0.00073125,298.8716278906801
0.34000000000000014,0.00073125,299.0929673731032
0.36000000000000015,0.00073125,299.347380161814
0.3800000000000001,0.00073125,299.6339244238822
0.40000000000000013,0.00073125,299.951246324809
0.42000000000000015,0.00073125,300.2977024294985
0.44000000000000017,0.00073125,300.67146071705633
0.4600000000000002,0.00073125,301.0705814016198
0.4800000000000002,0.00073125,301.493079879617
0.5000000000000002,0.00073125,301.9369745226635
0.5200000000000002,0.00073125,302.40032200487315
0.5400000000000001,0.00073125,302.8812425928344
0.5600000000000002,0.00073125,303.37793750398714
0.5800000000000002,0.00073125,303.8887000936353
0.6000000000000002,0.00073125,304.4119223112296
0.6200000000000002,0.00073125,304.9460975869473
0.6400000000000002,0.00073125,305.4898210696666
0.6600000000000003,0.00073125,306.0417879407964
0.6800000000000003,0.00073125,306.6007903673185
0.7000000000000003,0.00073125,307.16571352814776
0.0,0.00075,298.15
0.020000000000000007,0.00075,298.15000002908045
0.040000000000000015,0.00075,298.1500006785578
0.060000000000000026,0.00075,298.1500076145223
0.08000000000000003,0.00075,298.1500548428945
0.10000000000000003,0.00075,298.1502857167306
0.12000000000000005,0.00075,298.15115166389756
0.14000000000000004,0.00075,298.1537562813298
0.16000000000000006,0.00075,298.1602515023085
0.18000000000000008,0.00075,298.1740576498279
0.20000000000000007,0.00075,298.19969636073495
0.22000000000000008,0.00075,298.2422457534943
0.2400000000000001,0.00075,298.30666068563244
0.2600000000000001,0.00075,298.39722713846913
0.2800000000000001,0.00075,298.51726341507356
0.3000000000000001,0.00075,298.66903455191454
0.3200000000000001,0.00075,298.85380360583537
0.34000000000000014,0.00075,299.07195691381276
0.36000000000000015,0.00075,299.3231590283894
0.3800000000000001,0.00075,299.60650927174584
0.40000000000000013,0.00075,299.9206851894393
0.42000000000000015,0.00075,300.2640663811236
0.44000000000000017,0.00075,300.63483697878155
0.4600000000000002,0.00075,301.0310678228252
0.4800000000000002,0.00075,301.4507805984798
0.5000000000000002,0.00075,301.8919966292171
0.5200000000000002,0.00075,302.352773026277
0.5400000000000001,0.00075,302.8312286409472
0.5600000000000002,0.00075,303.32556194737896
0.5800000000000002,0.00075,303.83406264015576
0.6000000000000002,0.00075,304.3551184073898
0.6200000000000002,0.00075,304.8872180591121
0.6400000000000002,0.00075,305.4289519472601
0.6600000000000003,0.00075,305.97901041449336
0.6800000000000003,0.00075,306.53618084547514
0.7000000000000003,0.00075,307.0993437630818
