JXYV,0,1
0,0.0,0.0
1,3.7500000000000003e-05,0.0
2,7.500000000000001e-05,0.0
3,0.00011250000000000001,0.0
4,0.00015000000000000001,0.0
5,0.0001875,0.0
6,0.00022500000000000002,0.0
7,0.00026250000000000004,0.0
8,0.00030000000000000003,0.0
9,0.0003375,0.0
10,0.000375,0.0
11,0.00041250000000000005,0.0
12,0.00045000000000000004,0.0
13,0.00048750000000000003,0.0
14,0.0005250000000000001,0.0
15,0.0005625000000000001,0.0
16,0.0006000000000000001,0.0
17,0.0006375,0.0
18,0.000675,0.0
19,0.0007125,0.0
20,0.00075,0.0
21,0.0,3.7500000000000003e-05
22,3.7500000000000003e-05,3.7500000000000003e-05
23,7.500000000000001e-05,3.7500000000000003e-05
24,0.00011250000000000001,3.7500000000000003e-05
25,0.00015000000000000001,3.7500000000000003e-05
26,0.0001875,3.7500000000000003e-05
27,0.00022500000000000002,3.7500000000000003e-05
28,0.00026250000000000004,3.7500000000000003e-05
29,0.00030000000000000003,3.7500000000000003e-05
30,0.0003375,3.7500000000000003e-05
31,0.000375,3.7500000000000003e-05
32,0.00041250000000000005,3.7500000000000003e-05
33,0.00045000000000000004,3.7500000000000003e-05
34,0.00048750000000000003,3.7500000000000003e-05
35,0.0005250000000000001,3.7500000000000003e-05
36,0.0005625000000000001,3.7500000000000003e-05
37,0.0006000000000000001,3.7500000000000003e-05
38,0.0006375,3.7500000000000003e-05
39,0.000675,3.7500000000000003e-05
40,0.0007125,3.7500000000000003e-05
41,0.00075,3.7500000000000003e-05
42,0.0,7.500000000000001e-05
43,3.7500000000000003e-05,7.500000000000001e-05
44,7.500000000000001e-05,7.500000000000001e-05
45,0.00011250000000000001,7.500000000000001e-05
46,0.00015000000000000001,7.500000000000001e-05
47,0.0001875,7.500000000000001e-05
48,0.00022500000000000002,7.500000000000001e-05
49,0.00026250000000000004,7.500000000000001e-05
50,0.00030000000000000003,7.500000000000001e-05
51,0.0003375,7.500000000000001e-05
52,0.000375,7.500000000000001e-05
53,0.00041250000000000005,7.500000000000001e-05
54,0.00045000000000000004,7.500000000000001e-05
55,0.00048750000000000003,7.500000000000001e-05
56,0.0005250000000000001,7.500000000000001e-05
57,0.0005625000000000001,7.500000000000001e-05
58,0.0006000000000000001,7.500000000000001e-05
59,0.0006375,7.500000000000001e-05
60,0.000675,7.500000000000001e-05
61,0.0007125,7.500000000000001e-05
62,0.00075,7.500000000000001e-05
63,0.0,0.00011250000000000001
64,3.7500000000000003e-05,0.00011250000000000001
65,7.500000000000001e-05,0.00011250000000000001
66,0.00011250000000000001,0.00011250000000000001
67,0.00015000000000000001,0.00011250000000000001
68,0.0001875,0.00011250000000000001
69,0.00022500000000000002,0.00011250000000000001
70,0.00026250000000000004,0.00011250000000000001
71,0.00030000000000000003,0.00011250000000000001
72,0.0003375,0.00011250000000000001
73,0.000375,0.00011250000000000001
74,0.00041250000000000005,0.00011250000000000001
75,0.00045000000000000004,0.00011250000000000001
76,0.00048750000000000003,0.00011250000000000001
77,0.0005250000000000001,0.00011250000000000001
78,0.0005625000000000001,0.00011250000000000001
79,0.0006000000000000001,0.00011250000000000001
80,0.0006375,0.00011250000000000001
81,0.000675,0.00011250000000000001
82,0.0007125,0.00011250000000000001
83,0.00075,0.00011250000000000001
84,0.0,0.00015000000000000001
85,3.7500000000000003e-05,0.00015000000000000001
86,7.500000000000001e-05,0.00015000000000000001
87,0.00011250000000000001,0.00015000000000000001
88,0.00015000000000000001,0.00015000000000000001
89,0.0001875,0.00015000000000000001
90,0.00022500000000000002,0.00015000000000000001
91,0.00026250000000000004,0.00015000000000000001
92,0.00030000000000000003,0.00015000000000000001
93,0.0003375,0.00015000000000000001
94,0.000375,0.00015000000000000001
95,0.00041250000000000005,0.00015000000000000001
96,0.00045000000000000004,0.00015000000000000001
97,0.00048750000000000003,0.00015000000000000001
98,0.0005250000000000001,0.00015000000000000001
99,0.0005625000000000001,0.00015000000000000001
100,0.0006000000000000001,0.00015000000000000001
101,0.0006375,0.00015000000000000001
102,0.000675,0.00015000000000000001
103,0.0007125,0.00015000000000000001
104,0.00075,0.00015000000000000001
105,0.0,0.0001875
106,3.7500000000000003e-05,0.0001875
107,7.500000000000001e-05,0.0001875
108,0.00011250000000000001,0.0001875
109,0.00015000000000000001,0.0001875
110,0.0001875,0.0001875
111,0.00022500000000000002,0.0001875
112,0.00026250000000000004,0.0001875
113,0.00030000000000000003,0.0001875
114,0.0003375,0.0001875
115,0.000375,0.0001875
116,0.00041250000000000005,0.0001875
117,0.00045000000000000004,0.0001875
118,0.00048750000000000003,0.0001875
119,0.0005250000000000001,0.0001875
120,0.0005625000000000001,0.0001875
121,0.0006000000000000001,0.0001875
122,0.0006375,0.0001875
123,0.000675,0.0001875
124,0.0007125,0.0001875
125,0.00075,0.0001875
126,0.0,0.00022500000000000002
127,3.7500000000000003e-05,0.00022500000000000002
128,7.500000000000001e-05,0.00022500000000000002
129,0.00011250000000000001,0.00022500000000000002
130,0.00015000000000000001,0.00022500000000000002
131,0.0001875,0.00022500000000000002
132,0.00022500000000000002,0.00022500000000000002
133,0.00026250000000000004,0.00022500000000000002
134,0.00030000000000000003,0.00022500000000000002
135,0.0003375,0.00022500000000000002
136,0.000375,0.00022500000000000002
137,0.00041250000000000005,0.00022500000000000002
138,0.00045000000000000004,0.00022500000000000002
139,0.00048750000000000003,0.00022500000000000002
140,0.0005250000000000001,0.00022500000000000002
141,0.0005625000000000001,0.00022500000000000002
142,0.0006000000000000001,0.00022500000000000002
143,0.0006375,0.00022500000000000002
144,0.000675,0.00022500000000000002
145,0.0007125,0.00022500000000000002
146,0.00075,0.00022500000000000002
147,0.0,0.00026250000000000004
148,3.7500000000000003e-05,0.00026250000000000004
149,7.500000000000001e-05,0.00026250000000000004
150,0.00011250000000000001,0.00026250000000000004
151,0.00015000000000000001,0.00026250000000000004
152,0.0001875,0.00026250000000000004
153,0.00022500000000000002,0.00026250000000000004
154,0.00026250000000000004,0.00026250000000000004
155,0.00030000000000000003,0.00026250000000000004
156,0.0003375,0.00026250000000000004
157,0.000375,0.00026250000000000004
158,0.00041250000000000005,0.00026250000000000004
159,0.00045000000000000004,0.00026250000000000004
160,0.00048750000000000003,0.00026250000000000004
161,0.0005250000000000001,0.00026250000000000004
162,0.0005625000000000001,0.00026250000000000004
163,0.0006000000000000001,0.00026250000000000004
164,0.0006375,0.00026250000000000004
165,0.000675,0.00026250000000000004
166,0.0007125,0.00026250000000000004
167,0.00075,0.00026250000000000004
168,0.0,0.00030000000000000003
169,3.7500000000000003e-05,0.00030000000000000003
170,7.500000000000001e-05,0.00030000000000000003
171,0.00011250000000000001,0.00030000000000000003
172,0.00015000000000000001,0.00030000000000000003
173,0.0001875,0.00030000000000000003
174,0.00022500000000000002,0.00030000000000000003
175,0.00026250000000000004,0.00030000000000000003
176,0.00030000000000000003,0.00030000000000000003
177,0.0003375,0.00030000000000000003
178,0.000375,0.00030000000000000003
179,0.00041250000000000005,0.00030000000000000003
180,0.00045000000000000004,0.00030000000000000003
181,0.00048750000000000003,0.00030000000000000003
182,0.0005250000000000001,0.00030000000000000003
183,0.0005625000000000001,0.00030000000000000003
184,0.0006000000000000001,0.00030000000000000003
185,0.0006375,0.00030000000000000003
186,0.000675,0.00030000000000000003
187,0.0007125,0.00030000000000000003
188,0.00075,0.00030000000000000003
189,0.0,0.0003375
190,3.7500000000000003e-05,0.0003375
191,7.500000000000001e-05,0.0003375
192,0.00011250000000000001,0.0003375
193,0.00015000000000000001,0.0003375
194,0.0001875,0.0003375
195,0.00022500000000000002,0.0003375
196,0.00026250000000000004,0.0003375
197,0.00030000000000000003,0.0003375
198,0.0003375,0.0003375
199,0.000375,0.0003375
200,0.00041250000000000005,0.0003375
201,0.00045000000000000004,0.0003375
202,0.00048750000000000003,0.0003375
203,0.0005250000000000001,0.0003375
204,0.0005625000000000001,0.0003375
205,0.0006000000000000001,0.0003375
206,0.0006375,0.0003375
207,0.000675,0.0003375
208,0.0007125,0.0003375
209,0.00075,0.0003375
210,0.0,0.000375
211,3.7500000000000003e-05,0.000375
212,7.500000000000001e-05,0.000375
213,0.00011250000000000001,0.000375
214,0.00015000000000000001,0.000375
215,0.0001875,0.000375
216,0.00022500000000000002,0.000375
217,0.00026250000000000004,0.000375
218,0.00030000000000000003,0.000375
219,0.0003375,0.000375
220,0.000375,0.000375
221,0.00041250000000000005,0.000375
222,0.00045000000000000004,0.000375
223,0.00048750000000000003,0.000375
224,0.0005250000000000001,0.000375
225,0.0005625000000000001,0.000375
226,0.0006000000000000001,0.000375
227,0.0006375,0.000375
228,0.000675,0.000375
229,0.0007125,0.000375
230,0.00075,0.000375
231,0.0,0.00041250000000000005
232,3.7500000000000003e-05,0.00041250000000000005
233,7.500000000000001e-05,0.00041250000000000005
234,0.00011250000000000001,0.00041250000000000005
235,0.00015000000000000001,0.00041250000000000005
236,0.0001875,0.00041250000000000005
237,0.00022500000000000002,0.00041250000000000005
238,0.00026250000000000004,0.00041250000000000005
239,0.00030000000000000003,0.00041250000000000005
240,0.0003375,0.00041250000000000005
241,0.000375,0.00041250000000000005
242,0.00041250000000000005,0.00041250000000000005
243,0.00045000000000000004,0.00041250000000000005
244,0.00048750000000000003,0.00041250000000000005
245,0.0005250000000000001,0.00041250000000000005
246,0.0005625000000000001,0.00041250000000000005
247,0.0006000000000000001,0.00041250000000000005
248,0.0006375,0.00041250000000000005
249,0.000675,0.00041250000000000005
250,0.0007125,0.00041250000000000005
251,0.00075,0.00041250000000000005
252,0.0,0.00045000000000000004
253,3.7500000000000003e-05,0.00045000000000000004
254,7.500000000000001e-05,0.00045000000000000004
255,0.00011250000000000001,0.00045000000000000004
256,0.00015000000000000001,0.00045000000000000004
257,0.0001875,0.00045000000000000004
258,0.00022500000000000002,0.00045000000000000004
259,0.00026250000000000004,0.00045000000000000004
260,0.00030000000000000003,0.00045000000000000004
261,0.0003375,0.00045000000000000004
262,0.000375,0.00045000000000000004
263,0.00041250000000000005,0.00045000000000000004
264,0.00045000000000000004,0.00045000000000000004
265,0.00048750000000000003,0.00045000000000000004
266,0.0005250000000000001,0.00045000000000000004
267,0.0005625000000000001,0.00045000000000000004
268,0.0006000000000000001,0.00045000000000000004
269,0.0006375,0.00045000000000000004
270,0.000675,0.00045000000000000004
271,0.0007125,0.00045000000000000004
272,0.00075,0.00045000000000000004
273,0.0,0.00048750000000000003
274,3.7500000000000003e-05,0.00048750000000000003
275,7.500000000000001e-05,0.00048750000000000003
276,0.00011250000000000001,0.00048750000000000003
277,0.00015000000000000001,0.00048750000000000003
278,0.0001875,0.00048750000000000003
279,0.00022500000000000002,0.00048750000000000003
280,0.00026250000000000004,0.00048750000000000003
281,0.00030000000000000003,0.00048750000000000003
282,0.0003375,0.00048750000000000003
283,0.000375,0.00048750000000000003
284,0.00041250000000000005,0.00048750000000000003
285,0.00045000000000000004,0.00048750000000000003
286,0.00048750000000000003,0.00048750000000000003
287,0.0005250000000000001,0.00048750000000000003
288,0.0005625000000000001,0.00048750000000000003
289,0.0006000000000000001,0.00048750000000000003
290,0.0006375,0.00048750000000000003
291,0.000675,0.00048750000000000003
292,0.0007125,0.00048750000000000003
293,0.00075,0.00048750000000000003
294,0.0,0.0005250000000000001
295,3.7500000000000003e-05,0.0005250000000000001
296,7.500000000000001e-05,0.0005250000000000001
297,0.00011250000000000001,0.0005250000000000001
298,0.00015000000000000001,0.0005250000000000001
299,0.0001875,0.0005250000000000001
300,0.00022500000000000002,0.0005250000000000001
301,0.00026250000000000004,0.0005250000000000001
302,0.00030000000000000003,0.0005250000000000001
303,0.0003375,0.0005250000000000001
304,0.000375,0.0005250000000000001
305,0.00041250000000000005,0.0005250000000000001
306,0.00045000000000000004,0.0005250000000000001
307,0.00048750000000000003,0.0005250000000000001
308,0.0005250000000000001,0.0005250000000000001
309,0.0005625000000000001,0.0005250000000000001
310,0.0006000000000000001,0.0005250000000000001
311,0.0006375,0.0005250000000000001
312,0.000675,0.0005250000000000001
313,0.0007125,0.0005250000000000001
314,0.00075,0.0005250000000000001
315,0.0,0.0005625000000000001
316,3.7500000000000003e-05,0.0005625000000000001
317,7.500000000000001e-05,0.0005625000000000001
318,0.00011250000000000001,0.0005625000000000001
319,0.00015000000000000001,0.0005625000000000001
320,0.0001875,0.0005625000000000001
321,0.00022500000000000002,0.0005625000000000001
322,0.00026250000000000004,0.0005625000000000001
323,0.00030000000000000003,0.0005625000000000001
324,0.0003375,0.0005625000000000001
325,0.000375,0.0005625000000000001
326,0.00041250000000000005,0.0005625000000000001
327,0.00045000000000000004,0.0005625000000000001
328,0.00048750000000000003,0.0005625000000000001
329,0.0005250000000000001,0.0005625000000000001
330,0.0005625000000000001,0.0005625000000000001
331,0.0006000000000000001,0.0005625000000000001
332,0.0006375,0.0005625000000000001
333,0.000675,0.0005625000000000001
334,0.0007125,0.0005625000000000001
335,0.00075,0.0005625000000000001
336,0.0,0.0006000000000000001
337,3.7500000000000003e-05,0.0006000000000000001
338,7.500000000000001e-05,0.0006000000000000001
339,0.00011250000000000001,0.0006000000000000001
340,0.00015000000000000001,0.0006000000000000001
341,0.0001875,0.0006000000000000001
342,0.00022500000000000002,0.0006000000000000001
343,0.00026250000000000004,0.0006000000000000001
344,0.00030000000000000003,0.0006000000000000001
345,0.0003375,0.0006000000000000001
346,0.000375,0.0006000000000000001
347,0.00041250000000000005,0.0006000000000000001
348,0.00045000000000000004,0.0006000000000000001
349,0.00048750000000000003,0.0006000000000000001
350,0.0005250000000000001,0.0006000000000000001
351,0.0005625000000000001,0.0006000000000000001
352,0.0006000000000000001,0.0006000000000000001
353,0.0006375,0.0006000000000000001
354,0.000675,0.0006000000000000001
355,0.0007125,0.0006000000000000001
356,0.00075,0.0006000000000000001
357,0.0,0.0006375
358,3.7500000000000003e-05,0.0006375
359,7.500000000000001e-05,0.0006375
360,0.00011250000000000001,0.0006375
361,0.00015000000000000001,0.0006375
362,0.0001875,0.0006375
363,0.00022500000000000002,0.0006375
364,0.00026250000000000004,0.0006375
365,0.00030000000000000003,0.0006375
366,0.0003375,0.0006375
367,0.000375,0.0006375
368,0.00041250000000000005,0.0006375
369,0.00045000000000000004,0.0006375
370,0.00048750000000000003,0.0006375
371,0.0005250000000000001,0.0006375
372,0.0005625000000000001,0.0006375
373,0.0006000000000000001,0.0006375
374,0.0006375,0.0006375
375,0.000675,0.0006375
376,0.0007125,0.0006375
377,0.00075,0.0006375
378,0.0,0.000675
379,3.7500000000000003e-05,0.000675
380,7.500000000000001e-05,0.000675
381,0.00011250000000000001,0.000675
382,0.00015000000000000001,0.000675
383,0.0001875,0.000675
384,0.00022500000000000002,0.000675
385,0.00026250000000000004,0.000675
386,0.00030000000000000003,0.000675
387,0.0003375,0.000675
388,0.000375,0.000675
389,0.00041250000000000005,0.000675
390,0.00045000000000000004,0.000675
391,0.00048750000000000003,0.000675
392,0.0005250000000000001,0.000675
393,0.0005625000000000001,0.000675
394,0.0006000000000000001,0.000675
395,0.0006375,0.000675
396,0.000675,0.000675
397,0.0007125,0.000675
398,0.00075,0.000675
399,0.0,0.0007125
400,3.7500000000000003e-05,0.0007125
401,7.500000000000001e-05,0.0007125
402,0.00011250000000000001,0.0007125
403,0.00015000000000000001,0.0007125
404,0.0001875,0.0007125
405,0.00022500000000000002,0.0007125
406,0.00026250000000000004,0.0007125
407,0.00030000000000000003,0.0007125
408,0.0003375,0.0007125
409,0.000375,0.0007125
410,0.00041250000000000005,0.0007125
411,0.00045000000000000004,0.0007125
412,0.00048750000000000003,0.0007125
413,0.0005250000000000001,0.0007125
414,0.0005625000000000001,0.0007125
415,0.0006000000000000001,0.0007125
416,0.0006375,0.0007125
417,0.000675,0.0007125
418,0.0007125,0.0007125
419,0.00075,0.0007125
420,0.0,0.00075
421,3.7500000000000003e-05,0.00075
422,7.500000000000001e-05,0.00075
423,0.00011250000000000001,0.00075
424,0.00015000000000000001,0.00075
425,0.0001875,0.00075
426,0.00022500000000000002,0.00075
427,0.00026250000000000004,0.00075
428,0.00030000000000000003,0.00075
429,0.0003375,0.00075
430,0.000375,0.00075
431,0.00041250000000000005,0.00075
432,0.00045000000000000004,0.00075
433,0.00048750000000000003,0.00075
434,0.0005250000000000001,0.00075
435,0.0005625000000000001,0.00075
436,0.0006000000000000001,0.00075
437,0.0006375,0.00075
438,0.000675,0.00075
439,0.0007125,0.00075
440,0.00075,0.00075
441,1.8750000000000002e-05,0.0
442,5.6250000000000005e-05,0.0
443,9.375e-05,0.0
444,0.00013125000000000002,0.0
445,0.00016875,0.0
446,0.00020625000000000003,0.0
447,0.00024375000000000002,0.0
448,0.00028125000000000003,0.0
449,0.00031875,0.0
450,0.00035625,0.0
451,0.00039375000000000006,0.0
452,0.00043125000000000005,0.0
453,0.00046875000000000004,0.0
454,0.0005062500000000001,0.0
455,0.0005437500000000001,0.0
456,0.0005812500000000001,0.0
457,0.00061875,0.0
458,0.00065625,0.0
459,0.00069375,0.0
460,0.00073125,0.0
461,0.0,1.8750000000000002e-05
462,1.8750000000000002e-05,1.8750000000000002e-05
463,3.7500000000000003e-05,1.8750000000000002e-05
464,5.6250000000000005e-05,1.8750000000000002e-05
465,7.500000000000001e-05,1.8750000000000002e-05
466,9.375e-05,1.8750000000000002e-05
467,0.00011250000000000001,1.8750000000000002e-05
468,0.00013125000000000002,1.8750000000000002e-05
469,0.00015000000000000001,1.8750000000000002e-05
470,0.00016875,1.8750000000000002e-05
471,0.0001875,1.8750000000000002e-05
472,0.00020625000000000003,1.8750000000000002e-05
473,0.00022500000000000002,1.8750000000000002e-05
474,0.00024375000000000002,1.8750000000000002e-05
475,0.00026250000000000004,1.8750000000000002e-05
476,0.00028125000000000003,1.8750000000000002e-05
477,0.00030000000000000003,1.8750000000000002e-05
478,0.00031875,1.8750000000000002e-05
479,0.0003375,1.8750000000000002e-05
480,0.00035625,1.8750000000000002e-05
481,0.000375,1.8750000000000002e-05
482,0.00039375000000000006,1.8750000000000002e-05
483,0.00041250000000000005,1.8750000000000002e-05
484,0.00043125000000000005,1.8750000000000002e-05
485,0.00045000000000000004,1.8750000000000002e-05
486,0.00046875000000000004,1.8750000000000002e-05
487,0.00048750000000000003,1.8750000000000002e-05
488,0.0005062500000000001,1.8750000000000002e-05
489,0.0005250000000000001,1.8750000000000002e-05
490,0.0005437500000000001,1.8750000000000002e-05
491,0.0005625000000000001,1.8750000000000002e-05
492,0.0005812500000000001,1.8750000000000002e-05
493,0.0006000000000000001,1.8750000000000002e-05
494,0.00061875,1.8750000000000002e-05
495,0.0006375,1.8750000000000002e-05
496,0.00065625,1.8750000000000002e-05
497,0.000675,1.8750000000000002e-05
498,0.00069375,1.8750000000000002e-05
499,0.0007125,1.8750000000000002e-05
500,0.00073125,1.8750000000000002e-05
501,0.00075,1.8750000000000002e-05
502,1.8750000000000002e-05,3.7500000000000003e-05
503,5.6250000000000005e-05,3.7500000000000003e-05
504,9.375e-05,3.7500000000000003e-05
505,0.00013125000000000002,3.7500000000000003e-05
506,0.00016875,3.7500000000000003e-05
507,0.00020625000000000003,3.7500000000000003e-05
508,0.00024375000000000002,3.7500000000000003e-05
509,0.00028125000000000003,3.7500000000000003e-05
510,0.00031875,3.7500000000000003e-05
511,0.00035625,3.7500000000000003e-05
512,0.00039375000000000006,3.7500000000000003e-05
513,0.00043125000000000005,3.7500000000000003e-05
514,0.00046875000000000004,3.7500000000000003e-05
515,0.0005062500000000001,3.7500000000000003e-05
516,0.0005437500000000001,3.7500000000000003e-05
517,0.0005812500000000001,3.7500000000000003e-05
518,0.00061875,3.7500000000000003e-05
519,0.00065625,3.7500000000000003e-05
520,0.00069375,3.7500000000000003e-05
521,0.00073125,3.7500000000000003e-05
522,0.0,5.6250000000000005e-05
523,1.8750000000000002e-05,5.6250000000000005e-05
524,3.7500000000000003e-05,5.6250000000000005e-05
525,5.6250000000000005e-05,5.6250000000000005e-05
526,7.500000000000001e-05,5.6250000000000005e-05
527,9.375e-05,5.6250000000000005e-05
528,0.00011250000000000001,5.6250000000000005e-05
529,0.00013125000000000002,5.6250000000000005e-05
530,0.00015000000000000001,5.6250000000000005e-05
531,0.00016875,5.6250000000000005e-05
532,0.0001875,5.6250000000000005e-05
533,0.00020625000000000003,5.6250000000000005e-05
534,0.00022500000000000002,5.6250000000000005e-05
535,0.00024375000000000002,5.6250000000000005e-05
536,0.00026250000000000004,5.6250000000000005e-05
537,0.00028125000000000003,5.6250000000000005e-05
538,0.00030000000000000003,5.6250000000000005e-05
539,0.00031875,5.6250000000000005e-05
540,0.0003375,5.6250000000000005e-05
541,0.00035625,5.6250000000000005e-05
542,0.000375,5.6250000000000005e-05
543,0.00039375000000000006,5.6250000000000005e-05
544,0.00041250000000000005,5.6250000000000005e-05
545,0.00043125000000000005,5.6250000000000005e-05
546,0.00045000000000000004,5.6250000000000005e-05
547,0.00046875000000000004,5.6250000000000005e-05
548,0.00048750000000000003,5.6250000000000005e-05
549,0.0005062500000000001,5.6250000000000005e-05
550,0.0005250000000000001,5.6250000000000005e-05
551,0.0005437500000000001,5.6250000000000005e-05
552,0.0005625000000000001,5.6250000000000005e-05
553,0.0005812500000000001,5.6250000000000005e-05
554,0.0006000000000000001,5.6250000000000005e-05
555,0.00061875,5.6250000000000005e-05
556,0.0006375,5.6250000000000005e-05
557,0.00065625,5.6250000000000005e-05
558,0.000675,5.6250000000000005e-05
559,0.00069375,5.6250000000000005e-05
560,0.0007125,5.6250000000000005e-05
561,0.00073125,5.6250000000000005e-05
562,0.00075,5.6250000000000005e-05
563,1.8750000000000002e-05,7.500000000000001e-05
564,5.6250000000000005e-05,7.500000000000001e-05
565,9.375e-05,7.500000000000001e-05
566,0.00013125000000000002,7.500000000000001e-05
567,0.00016875,7.500000000000001e-05
568,0.00020625000000000003,7.500000000000001e-05
569,0.00024375000000000002,7.500000000000001e-05
570,0.00028125000000000003,7.500000000000001e-05
571,0.00031875,7.500000000000001e-05
572,0.00035625,7.500000000000001e-05
573,0.00039375000000000006,7.500000000000001e-05
574,0.00043125000000000005,7.500000000000001e-05
575,0.00046875000000000004,7.500000000000001e-05
576,0.0005062500000000001,7.500000000000001e-05
577,0.0005437500000000001,7.500000000000001e-05
578,0.0005812500000000001,7.500000000000001e-05
579,0.00061875,7.500000000000001e-05
580,0.00065625,7.500000000000001e-05
581,0.00069375,7.500000000000001e-05
582,0.00073125,7.500000000000001e-05
583,0.0,9.375e-05
584,1.8750000000000002e-05,9.375e-05
585,3.7500000000000003e-05,9.375e-05
586,5.6250000000000005e-05,9.375e-05
587,7.500000000000001e-05,9.375e-05
588,9.375e-05,9.375e-05
589,0.00011250000000000001,9.375e-05
590,0.00013125000000000002,9.375e-05
591,0.00015000000000000001,9.375e-05
592,0.00016875,9.375e-05
593,0.0001875,9.375e-05
594,0.00020625000000000003,9.375e-05
595,0.00022500000000000002,9.375e-05
596,0.00024375000000000002,9.375e-05
597,0.00026250000000000004,9.375e-05
598,0.00028125000000000003,9.375e-05
599,0.00030000000000000003,9.375e-05
600,0.00031875,9.375e-05
601,0.0003375,9.375e-05
602,0.00035625,9.375e-05
603,0.000375,9.375e-05
604,0.00039375000000000006,9.375e-05
605,0.00041250000000000005,9.375e-05
606,0.00043125000000000005,9.375e-05
607,0.00045000000000000004,9.375e-05
608,0.00046875000000000004,9.375e-05
609,0.00048750000000000003,9.375e-05
610,0.0005062500000000001,9.375e-05
611,0.0005250000000000001,9.375e-05
612,0.0005437500000000001,9.375e-05
613,0.0005625000000000001,9.375e-05
614,0.0005812500000000001,9.375e-05
615,0.0006000000000000001,9.375e-05
616,0.00061875,9.375e-05
617,0.0006375,9.375e-05
618,0.00065625,9.375e-05
619,0.000675,9.375e-05
620,0.00069375,9.375e-05
621,0.0007125,9.375e-05
622,0.00073125,9.375e-05
623,0.00075,9.375e-05
624,1.8750000000000002e-05,0.00011250000000000001
625,5.6250000000000005e-05,0.00011250000000000001
626,9.375e-05,0.00011250000000000001
627,0.00013125000000000002,0.00011250000000000001
628,0.00016875,0.00011250000000000001
629,0.00020625000000000003,0.00011250000000000001
630,0.00024375000000000002,0.00011250000000000001
631,0.00028125000000000003,0.00011250000000000001
632,0.00031875,0.00011250000000000001
633,0.00035625,0.00011250000000000001
634,0.00039375000000000006,0.00011250000000000001
635,0.00043125000000000005,0.00011250000000000001
636,0.00046875000000000004,0.00011250000000000001
637,0.0005062500000000001,0.00011250000000000001
638,0.0005437500000000001,0.00011250000000000001
639,0.0005812500000000001,0.00011250000000000001
640,0.00061875,0.00011250000000000001
641,0.00065625,0.00011250000000000001
642,0.00069375,0.00011250000000000001
643,0.00073125,0.00011250000000000001
644,0.0,0.00013125000000000002
645,1.8750000000000002e-05,0.00013125000000000002
646,3.7500000000000003e-05,0.00013125000000000002
647,5.6250000000000005e-05,0.00013125000000000002
648,7.500000000000001e-05,0.00013125000000000002
649,9.375e-05,0.00013125000000000002
650,0.00011250000000000001,0.00013125000000000002
651,0.00013125000000000002,0.00013125000000000002
652,0.00015000000000000001,0.00013125000000000002
653,0.00016875,0.00013125000000000002
654,0.0001875,0.00013125000000000002
655,0.00020625000000000003,0.00013125000000000002
656,0.00022500000000000002,0.00013125000000000002
657,0.00024375000000000002,0.00013125000000000002
658,0.00026250000000000004,0.00013125000000000002
659,0.00028125000000000003,0.00013125000000000002
660,0.00030000000000000003,0.00013125000000000002
661,0.00031875,0.00013125000000000002
662,0.0003375,0.00013125000000000002
663,0.00035625,0.00013125000000000002
664,0.000375,0.00013125000000000002
665,0.00039375000000000006,0.00013125000000000002
666,0.00041250000000000005,0.00013125000000000002
667,0.00043125000000000005,0.00013125000000000002
668,0.00045000000000000004,0.00013125000000000002
669,0.00046875000000000004,0.00013125000000000002
670,0.00048750000000000003,0.00013125000000000002
671,0.0005062500000000001,0.00013125000000000002
672,0.0005250000000000001,0.00013125000000000002
673,0.0005437500000000001,0.00013125000000000002
674,0.0005625000000000001,0.00013125000000000002
675,0.0005812500000000001,0.00013125000000000002
676,0.0006000000000000001,0.00013125000000000002
677,0.00061875,0.00013125000000000002
678,0.0006375,0.00013125000000000002
679,0.00065625,0.00013125000000000002
680,0.000675,0.00013125000000000002
681,0.00069375,0.00013125000000000002
682,0.0007125,0.00013125000000000002
683,0.00073125,0.00013125000000000002
684,0.00075,0.00013125000000000002
685,1.8750000000000002e-05,0.00015000000000000001
686,5.6250000000000005e-05,0.00015000000000000001
687,9.375e-05,0.00015000000000000001
688,0.00013125000000000002,0.00015000000000000001
689,0.00016875,0.00015000000000000001
690,0.00020625000000000003,0.00015000000000000001
691,0.00024375000000000002,0.00015000000000000001
692,0.00028125000000000003,0.00015000000000000001
693,0.00031875,0.00015000000000000001
694,0.00035625,0.00015000000000000001
695,0.00039375000000000006,0.00015000000000000001
696,0.00043125000000000005,0.00015000000000000001
697,0.00046875000000000004,0.00015000000000000001
698,0.0005062500000000001,0.00015000000000000001
699,0.0005437500000000001,0.00015000000000000001
700,0.0005812500000000001,0.00015000000000000001
701,0.00061875,0.00015000000000000001
702,0.00065625,0.00015000000000000001
703,0.00069375,0.00015000000000000001
704,0.00073125,0.00015000000000000001
705,0.0,0.00016875
706,1.8750000000000002e-05,0.00016875
707,3.7500000000000003e-05,0.00016875
708,5.6250000000000005e-05,0.00016875
709,7.500000000000001e-05,0.00016875
710,9.375e-05,0.00016875
711,0.00011250000000000001,0.00016875
712,0.00013125000000000002,0.00016875
713,0.00015000000000000001,0.00016875
714,0.00016875,0.00016875
715,0.0001875,0.00016875
716,0.00020625000000000003,0.00016875
717,0.00022500000000000002,0.00016875
718,0.00024375000000000002,0.00016875
719,0.00026250000000000004,0.00016875
720,0.00028125000000000003,0.00016875
721,0.00030000000000000003,0.00016875
722,0.00031875,0.00016875
723,0.0003375,0.00016875
724,0.00035625,0.00016875
725,0.000375,0.00016875
726,0.00039375000000000006,0.00016875
727,0.00041250000000000005,0.00016875
728,0.00043125000000000005,0.00016875
729,0.00045000000000000004,0.00016875
730,0.00046875000000000004,0.00016875
731,0.00048750000000000003,0.00016875
732,0.0005062500000000001,0.00016875
733,0.0005250000000000001,0.00016875
734,0.0005437500000000001,0.00016875
735,0.0005625000000000001,0.00016875
736,0.0005812500000000001,0.00016875
737,0.0006000000000000001,0.00016875
738,0.00061875,0.00016875
739,0.0006375,0.00016875
740,0.00065625,0.00016875
741,0.000675,0.00016875
742,0.00069375,0.00016875
743,0.0007125,0.00016875
744,0.00073125,0.00016875
745,0.00075,0.00016875
746,1.8750000000000002e-05,0.0001875
747,5.6250000000000005e-05,0.0001875
748,9.375e-05,0.0001875
749,0.00013125000000000002,0.0001875
750,0.00016875,0.0001875
751,0.00020625000000000003,0.0001875
752,0.00024375000000000002,0.0001875
753,0.00028125000000000003,0.0001875
754,0.00031875,0.0001875
755,0.00035625,0.0001875
756,0.00039375000000000006,0.0001875
757,0.00043125000000000005,0.0001875
758,0.00046875000000000004,0.0001875
759,0.0005062500000000001,0.0001875
760,0.0005437500000000001,0.0001875
761,0.0005812500000000001,0.0001875
762,0.00061875,0.0001875
763,0.00065625,0.0001875
764,0.00069375,0.0001875
765,0.00073125,0.0001875
766,0.0,0.00020625000000000003
767,1.8750000000000002e-05,0.00020625000000000003
768,3.7500000000000003e-05,0.00020625000000000003
769,5.6250000000000005e-05,0.00020625000000000003
770,7.500000000000001e-05,0.00020625000000000003
771,9.375e-05,0.00020625000000000003
772,0.00011250000000000001,0.00020625000000000003
773,0.00013125000000000002,0.00020625000000000003
774,0.00015000000000000001,0.00020625000000000003
775,0.00016875,0.00020625000000000003
776,0.0001875,0.00020625000000000003
777,0.00020625000000000003,0.00020625000000000003
778,0.00022500000000000002,0.00020625000000000003
779,0.00024375000000000002,0.00020625000000000003
780,0.00026250000000000004,0.00020625000000000003
781,0.00028125000000000003,0.00020625000000000003
782,0.00030000000000000003,0.00020625000000000003
783,0.00031875,0.00020625000000000003
784,0.0003375,0.00020625000000000003
785,0.00035625,0.00020625000000000003
786,0.000375,0.00020625000000000003
787,0.00039375000000000006,0.00020625000000000003
788,0.00041250000000000005,0.00020625000000000003
789,0.00043125000000000005,0.00020625000000000003
790,0.00045000000000000004,0.00020625000000000003
791,0.00046875000000000004,0.00020625000000000003
792,0.00048750000000000003,0.00020625000000000003
793,0.0005062500000000001,0.00020625000000000003
794,0.0005250000000000001,0.00020625000000000003
795,0.0005437500000000001,0.00020625000000000003
796,0.0005625000000000001,0.00020625000000000003
797,0.0005812500000000001,0.00020625000000000003
798,0.0006000000000000001,0.00020625000000000003
799,0.00061875,0.00020625000000000003
800,0.0006375,0.00020625000000000003
801,0.00065625,0.00020625000000000003
802,0.000675,0.00020625000000000003
803,0.00069375,0.00020625000000000003
804,0.0007125,0.00020625000000000003
805,0.00073125,0.00020625000000000003
806,0.00075,0.00020625000000000003
807,1.8750000000000002e-05,0.00022500000000000002
808,5.6250000000000005e-05,0.00022500000000000002
809,9.375e-05,0.00022500000000000002
810,0.00013125000000000002,0.00022500000000000002
811,0.00016875,0.00022500000000000002
812,0.00020625000000000003,0.00022500000000000002
813,0.00024375000000000002,0.00022500000000000002
814,0.00028125000000000003,0.00022500000000000002
815,0.00031875,0.00022500000000000002
816,0.00035625,0.00022500000000000002
817,0.00039375000000000006,0.00022500000000000002
818,0.00043125000000000005,0.00022500000000000002
819,0.00046875000000000004,0.00022500000000000002
820,0.0005062500000000001,0.00022500000000000002
821,0.0005437500000000001,0.00022500000000000002
822,0.0005812500000000001,0.00022500000000000002
823,0.00061875,0.00022500000000000002
824,0.00065625,0.00022500000000000002
825,0.00069375,0.00022500000000000002
826,0.00073125,0.00022500000000000002
827,0.0,0.00024375000000000002
828,1.8750000000000002e-05,0.00024375000000000002
829,3.7500000000000003e-05,0.00024375000000000002
830,5.6250000000000005e-05,0.00024375000000000002
831,7.500000000000001e-05,0.00024375000000000002
832,9.375e-05,0.00024375000000000002
833,0.00011250000000000001,0.00024375000000000002
834,0.00013125000000000002,0.00024375000000000002
835,0.00015000000000000001,0.00024375000000000002
836,0.00016875,0.00024375000000000002
837,0.0001875,0.00024375000000000002
838,0.00020625000000000003,0.00024375000000000002
839,0.00022500000000000002,0.00024375000000000002
840,0.00024375000000000002,0.00024375000000000002
841,0.00026250000000000004,0.00024375000000000002
842,0.00028125000000000003,0.00024375000000000002
843,0.00030000000000000003,0.00024375000000000002
844,0.00031875,0.00024375000000000002
845,0.0003375,0.00024375000000000002
846,0.00035625,0.00024375000000000002
847,0.000375,0.00024375000000000002
848,0.00039375000000000006,0.00024375000000000002
849,0.00041250000000000005,0.00024375000000000002
850,0.00043125000000000005,0.00024375000000000002
851,0.00045000000000000004,0.00024375000000000002
852,0.00046875000000000004,0.00024375000000000002
853,0.00048750000000000003,0.00024375000000000002
854,0.0005062500000000001,0.00024375000000000002
855,0.0005250000000000001,0.00024375000000000002
856,0.0005437500000000001,0.00024375000000000002
857,0.0005625000000000001,0.00024375000000000002
858,0.0005812500000000001,0.00024375000000000002
859,0.0006000000000000001,0.00024375000000000002
860,0.00061875,0.00024375000000000002
861,0.0006375,0.00024375000000000002
862,0.00065625,0.00024375000000000002
863,0.000675,0.00024375000000000002
864,0.00069375,0.00024375000000000002
865,0.0007125,0.00024375000000000002
866,0.00073125,0.00024375000000000002
867,0.00075,0.00024375000000000002
868,1.8750000000000002e-05,0.00026250000000000004
869,5.6250000000000005e-05,0.00026250000000000004
870,9.375e-05,0.00026250000000000004
871,0.00013125000000000002,0.00026250000000000004
872,0.00016875,0.00026250000000000004
873,0.00020625000000000003,0.00026250000000000004
874,0.00024375000000000002,0.00026250000000000004
875,0.00028125000000000003,0.00026250000000000004
876,0.00031875,0.00026250000000000004
877,0.00035625,0.00026250000000000004
878,0.00039375000000000006,0.00026250000000000004
879,0.00043125000000000005,0.00026250000000000004
880,0.00046875000000000004,0.00026250000000000004
881,0.0005062500000000001,0.00026250000000000004
882,0.0005437500000000001,0.00026250000000000004
883,0.0005812500000000001,0.00026250000000000004
884,0.00061875,0.00026250000000000004
885,0.00065625,0.00026250000000000004
886,0.00069375,0.00026250000000000004
887,0.00073125,0.00026250000000000004
888,0.0,0.00028125000000000003
889,1.8750000000000002e-05,0.00028125000000000003
890,3.7500000000000003e-05,0.00028125000000000003
891,5.6250000000000005e-05,0.00028125000000000003
892,7.500000000000001e-05,0.00028125000000000003
893,9.375e-05,0.00028125000000000003
894,0.00011250000000000001,0.00028125000000000003
895,0.00013125000000000002,0.00028125000000000003
896,0.00015000000000000001,0.00028125000000000003
897,0.00016875,0.00028125000000000003
898,0.0001875,0.00028125000000000003
899,0.00020625000000000003,0.00028125000000000003
900,0.00022500000000000002,0.00028125000000000003
901,0.00024375000000000002,0.00028125000000000003
902,0.00026250000000000004,0.00028125000000000003
903,0.00028125000000000003,0.00028125000000000003
904,0.00030000000000000003,0.00028125000000000003
905,0.00031875,0.00028125000000000003
906,0.0003375,0.00028125000000000003
907,0.00035625,0.00028125000000000003
908,0.000375,0.00028125000000000003
909,0.00039375000000000006,0.00028125000000000003
910,0.00041250000000000005,0.00028125000000000003
911,0.00043125000000000005,0.00028125000000000003
912,0.00045000000000000004,0.00028125000000000003
913,0.00046875000000000004,0.00028125000000000003
914,0.00048750000000000003,0.00028125000000000003
915,0.0005062500000000001,0.00028125000000000003
916,0.0005250000000000001,0.00028125000000000003
917,0.0005437500000000001,0.00028125000000000003
918,0.0005625000000000001,0.00028125000000000003
919,0.0005812500000000001,0.00028125000000000003
920,0.0006000000000000001,0.00028125000000000003
921,0.00061875,0.00028125000000000003
922,0.0006375,0.00028125000000000003
923,0.00065625,0.00028125000000000003
924,0.000675,0.00028125000000000003
925,0.00069375,0.00028125000000000003
926,0.0007125,0.00028125000000000003
927,0.00073125,0.00028125000000000003
928,0.00075,0.00028125000000000003
929,1.8750000000000002e-05,0.00030000000000000003
930,5.6250000000000005e-05,0.00030000000000000003
931,9.375e-05,0.00030000000000000003
932,0.00013125000000000002,0.00030000000000000003
933,0.00016875,0.00030000000000000003
934,0.00020625000000000003,0.00030000000000000003
935,0.00024375000000000002,0.00030000000000000003
936,0.00028125000000000003,0.00030000000000000003
937,0.00031875,0.00030000000000000003
938,0.00035625,0.00030000000000000003
939,0.00039375000000000006,0.00030000000000000003
940,0.00043125000000000005,0.00030000000000000003
941,0.00046875000000000004,0.00030000000000000003
942,0.0005062500000000001,0.00030000000000000003
943,0.0005437500000000001,0.00030000000000000003
944,0.0005812500000000001,0.00030000000000000003
945,0.00061875,0.00030000000000000003
946,0.00065625,0.00030000000000000003
947,0.00069375,0.00030000000000000003
948,0.00073125,0.00030000000000000003
949,0.0,0.00031875
950,1.8750000000000002e-05,0.00031875
951,3.7500000000000003e-05,0.00031875
952,5.6250000000000005e-05,0.00031875
953,7.500000000000001e-05,0.00031875
954,9.375e-05,0.00031875
955,0.00011250000000000001,0.00031875
956,0.00013125000000000002,0.00031875
957,0.00015000000000000001,0.00031875
958,0.00016875,0.00031875
959,0.0001875,0.00031875
960,0.00020625000000000003,0.00031875
961,0.00022500000000000002,0.00031875
962,0.00024375000000000002,0.00031875
963,0.00026250000000000004,0.00031875
964,0.00028125000000000003,0.00031875
965,0.00030000000000000003,0.00031875
966,0.00031875,0.00031875
967,0.0003375,0.00031875
968,0.00035625,0.00031875
969,0.000375,0.00031875
970,0.00039375000000000006,0.00031875
971,0.00041250000000000005,0.00031875
972,0.00043125000000000005,0.00031875
973,0.00045000000000000004,0.00031875
974,0.00046875000000000004,0.00031875
975,0.00048750000000000003,0.00031875
976,0.0005062500000000001,0.00031875
977,0.0005250000000000001,0.00031875
978,0.0005437500000000001,0.00031875
979,0.0005625000000000001,0.00031875
980,0.0005812500000000001,0.00031875
981,0.0006000000000000001,0.00031875
982,0.00061875,0.00031875
983,0.0006375,0.00031875
984,0.00065625,0.00031875
985,0.000675,0.00031875
986,0.00069375,0.00031875
987,0.0007125,0.00031875
988,0.00073125,0.00031875
989,0.00075,0.00031875
990,1.8750000000000002e-05,0.0003375
991,5.6250000000000005e-05,0.0003375
992,9.375e-05,0.0003375
993,0.00013125000000000002,0.0003375
994,0.00016875,0.0003375
995,0.00020625000000000003,0.0003375
996,0.00024375000000000002,0.0003375
997,0.00028125000000000003,0.0003375
998,0.00031875,0.0003375
999,0.00035625,0.0003375
1000,0.00039375000000000006,0.0003375
1001,0.00043125000000000005,0.0003375
1002,0.00046875000000000004,0.0003375
1003,0.0005062500000000001,0.0003375
1004,0.0005437500000000001,0.0003375
1005,0.0005812500000000001,0.0003375
1006,0.00061875,0.0003375
1007,0.00065625,0.0003375
1008,0.00069375,0.0003375
1009,0.00073125,0.0003375
1010,0.0,0.00035625
1011,1.8750000000000002e-05,0.00035625
1012,3.7500000000000003e-05,0.00035625
1013,5.6250000000000005e-05,0.00035625
1014,7.500000000000001e-05,0.00035625
1015,9.375e-05,0.00035625
1016,0.00011250000000000001,0.00035625
1017,0.00013125000000000002,0.00035625
1018,0.00015000000000000001,0.00035625
1019,0.00016875,0.00035625
1020,0.0001875,0.00035625
1021,0.00020625000000000003,0.00035625
1022,0.00022500000000000002,0.00035625
1023,0.00024375000000000002,0.00035625
1024,0.00026250000000000004,0.00035625
1025,0.00028125000000000003,0.00035625
1026,0.00030000000000000003,0.00035625
1027,0.00031875,0.00035625
1028,0.0003375,0.00035625
1029,0.00035625,0.00035625
1030,0.000375,0.00035625
1031,0.00039375000000000006,0.00035625
1032,0.00041250000000000005,0.00035625
1033,0.00043125000000000005,0.00035625
1034,0.00045000000000000004,0.00035625
1035,0.00046875000000000004,0.00035625
1036,0.00048750000000000003,0.00035625
1037,0.0005062500000000001,0.00035625
1038,0.0005250000000000001,0.00035625
1039,0.0005437500000000001,0.00035625
1040,0.0005625000000000001,0.00035625
1041,0.0005812500000000001,0.00035625
1042,0.0006000000000000001,0.00035625
1043,0.00061875,0.00035625
1044,0.0006375,0.00035625
1045,0.00065625,0.00035625
1046,0.000675,0.00035625
1047,0.00069375,0.00035625
1048,0.0007125,0.00035625
1049,0.00073125,0.00035625
1050,0.00075,0.00035625
1051,1.8750000000000002e-05,0.000375
1052,5.6250000000000005e-05,0.000375
1053,9.375e-05,0.000375
1054,0.00013125000000000002,0.000375
1055,0.00016875,0.000375
1056,0.00020625000000000003,0.000375
1057,0.00024375000000000002,0.000375
1058,0.00028125000000000003,0.000375
1059,0.00031875,0.000375
1060,0.00035625,0.000375
1061,0.00039375000000000006,0.000375
1062,0.00043125000000000005,0.000375
1063,0.00046875000000000004,0.000375
1064,0.0005062500000000001,0.000375
1065,0.0005437500000000001,0.000375
1066,0.0005812500000000001,0.000375
1067,0.00061875,0.000375
1068,0.00065625,0.000375
1069,0.00069375,0.000375
1070,0.00073125,0.000375
1071,0.0,0.00039375000000000006
1072,1.8750000000000002e-05,0.00039375000000000006
1073,3.7500000000000003e-05,0.00039375000000000006
1074,5.6250000000000005e-05,0.00039375000000000006
1075,7.500000000000001e-05,0.00039375000000000006
1076,9.375e-05,0.00039375000000000006
1077,0.00011250000000000001,0.00039375000000000006
1078,0.00013125000000000002,0.00039375000000000006
1079,0.00015000000000000001,0.00039375000000000006
1080,0.00016875,0.00039375000000000006
1081,0.0001875,0.00039375000000000006
1082,0.00020625000000000003,0.00039375000000000006
1083,0.00022500000000000002,0.00039375000000000006
1084,0.00024375000000000002,0.00039375000000000006
1085,0.00026250000000000004,0.00039375000000000006
1086,0.00028125000000000003,0.00039375000000000006
1087,0.00030000000000000003,0.00039375000000000006
1088,0.00031875,0.00039375000000000006
1089,0.0003375,0.00039375000000000006
1090,0.00035625,0.00039375000000000006
1091,0.000375,0.00039375000000000006
1092,0.00039375000000000006,0.00039375000000000006
1093,0.00041250000000000005,0.00039375000000000006
1094,0.00043125000000000005,0.00039375000000000006
1095,0.00045000000000000004,0.00039375000000000006
1096,0.00046875000000000004,0.00039375000000000006
1097,0.00048750000000000003,0.00039375000000000006
1098,0.0005062500000000001,0.00039375000000000006
1099,0.0005250000000000001,0.00039375000000000006
1100,0.0005437500000000001,0.00039375000000000006
1101,0.0005625000000000001,0.00039375000000000006
1102,0.0005812500000000001,0.00039375000000000006
1103,0.0006000000000000001,0.00039375000000000006
1104,0.00061875,0.00039375000000000006
1105,0.0006375,0.00039375000000000006
1106,0.00065625,0.00039375000000000006
1107,0.000675,0.00039375000000000006
1108,0.00069375,0.00039375000000000006
1109,0.0007125,0.00039375000000000006
1110,0.00073125,0.00039375000000000006
1111,0.00075,0.00039375000000000006
1112,1.8750000000000002e-05,0.00041250000000000005
1113,5.6250000000000005e-05,0.00041250000000000005
1114,9.375e-05,0.00041250000000000005
1115,0.00013125000000000002,0.00041250000000000005
1116,0.00016875,0.00041250000000000005
1117,0.00020625000000000003,0.00041250000000000005
1118,0.00024375000000000002,0.00041250000000000005
1119,0.00028125000000000003,0.00041250000000000005
1120,0.00031875,0.00041250000000000005
1121,0.00035625,0.00041250000000000005
1122,0.00039375000000000006,0.00041250000000000005
1123,0.00043125000000000005,0.00041250000000000005
1124,0.00046875000000000004,0.00041250000000000005
1125,0.0005062500000000001,0.00041250000000000005
1126,0.0005437500000000001,0.00041250000000000005
1127,0.0005812500000000001,0.00041250000000000005
1128,0.00061875,0.00041250000000000005
1129,0.00065625,0.00041250000000000005
1130,0.00069375,0.00041250000000000005
1131,0.00073125,0.00041250000000000005
1132,0.0,0.00043125000000000005
1133,1.8750000000000002e-05,0.00043125000000000005
1134,3.7500000000000003e-05,0.00043125000000000005
1135,5.6250000000000005e-05,0.00043125000000000005
1136,7.500000000000001e-05,0.00043125000000000005
1137,9.375e-05,0.00043125000000000005
1138,0.00011250000000000001,0.00043125000000000005
1139,0.00013125000000000002,0.00043125000000000005
1140,0.00015000000000000001,0.00043125000000000005
1141,0.00016875,0.00043125000000000005
1142,0.0001875,0.00043125000000000005
1143,0.00020625000000000003,0.00043125000000000005
1144,0.00022500000000000002,0.00043125000000000005
1145,0.00024375000000000002,0.00043125000000000005
1146,0.00026250000000000004,0.00043125000000000005
1147,0.00028125000000000003,0.00043125000000000005
1148,0.00030000000000000003,0.00043125000000000005
1149,0.00031875,0.00043125000000000005
1150,0.0003375,0.00043125000000000005
1151,0.00035625,0.00043125000000000005
1152,0.000375,0.00043125000000000005
1153,0.00039375000000000006,0.00043125000000000005
1154,0.00041250000000000005,0.00043125000000000005
1155,0.00043125000000000005,0.00043125000000000005
1156,0.00045000000000000004,0.00043125000000000005
1157,0.00046875000000000004,0.00043125000000000005
1158,0.00048750000000000003,0.00043125000000000005
1159,0.0005062500000000001,0.00043125000000000005
1160,0.0005250000000000001,0.00043125000000000005
1161,0.0005437500000000001,0.00043125000000000005
1162,0.0005625000000000001,0.00043125000000000005
1163,0.0005812500000000001,0.00043125000000000005
1164,0.0006000000000000001,0.00043125000000000005
1165,0.00061875,0.00043125000000000005
1166,0.0006375,0.00043125000000000005
1167,0.00065625,0.00043125000000000005
1168,0.000675,0.00043125000000000005
1169,0.00069375,0.00043125000000000005
1170,0.0007125,0.00043125000000000005
1171,0.00073125,0.00043125000000000005
1172,0.00075,0.00043125000000000005
1173,1.8750000000000002e-05,0.00045000000000000004
1174,5.6250000000000005e-05,0.00045000000000000004
1175,9.375e-05,0.00045000000000000004
1176,0.00013125000000000002,0.00045000000000000004
1177,0.00016875,0.00045000000000000004
1178,0.00020625000000000003,0.00045000000000000004
1179,0.00024375000000000002,0.00045000000000000004
1180,0.00028125000000000003,0.00045000000000000004
1181,0.00031875,0.00045000000000000004
1182,0.00035625,0.00045000000000000004
1183,0.00039375000000000006,0.00045000000000000004
1184,0.00043125000000000005,0.00045000000000000004
1185,0.00046875000000000004,0.00045000000000000004
1186,0.0005062500000000001,0.00045000000000000004
1187,0.0005437500000000001,0.00045000000000000004
1188,0.0005812500000000001,0.00045000000000000004
1189,0.00061875,0.00045000000000000004
1190,0.00065625,0.00045000000000000004
1191,0.00069375,0.00045000000000000004
1192,0.00073125,0.00045000000000000004
1193,0.0,0.00046875000000000004
1194,1.8750000000000002e-05,0.00046875000000000004
1195,3.7500000000000003e-05,0.00046875000000000004
1196,5.6250000000000005e-05,0.00046875000000000004
1197,7.500000000000001e-05,0.00046875000000000004
1198,9.375e-05,0.00046875000000000004
1199,0.00011250000000000001,0.00046875000000000004
1200,0.00013125000000000002,0.00046875000000000004
1201,0.00015000000000000001,0.00046875000000000004
1202,0.00016875,0.00046875000000000004
1203,0.0001875,0.00046875000000000004
1204,0.00020625000000000003,0.00046875000000000004
1205,0.00022500000000000002,0.00046875000000000004
1206,0.00024375000000000002,0.00046875000000000004
1207,0.00026250000000000004,0.00046875000000000004
1208,0.00028125000000000003,0.00046875000000000004
1209,0.00030000000000000003,0.00046875000000000004
1210,0.00031875,0.00046875000000000004
1211,0.0003375,0.00046875000000000004
1212,0.00035625,0.00046875000000000004
1213,0.000375,0.00046875000000000004
1214,0.00039375000000000006,0.00046875000000000004
1215,0.00041250000000000005,0.00046875000000000004
1216,0.00043125000000000005,0.00046875000000000004
1217,0.00045000000000000004,0.00046875000000000004
1218,0.00046875000000000004,0.00046875000000000004
1219,0.00048750000000000003,0.00046875000000000004
1220,0.0005062500000000001,0.00046875000000000004
1221,0.0005250000000000001,0.00046875000000000004
1222,0.0005437500000000001,0.00046875000000000004
1223,0.0005625000000000001,0.00046875000000000004
1224,0.0005812500000000001,0.00046875000000000004
1225,0.0006000000000000001,0.00046875000000000004
1226,0.00061875,0.00046875000000000004
1227,0.0006375,0.00046875000000000004
1228,0.00065625,0.00046875000000000004
1229,0.000675,0.00046875000000000004
1230,0.00069375,0.00046875000000000004
1231,0.0007125,0.00046875000000000004
1232,0.00073125,0.00046875000000000004
1233,0.00075,0.00046875000000000004
1234,1.8750000000000002e-05,0.00048750000000000003
1235,5.6250000000000005e-05,0.00048750000000000003
1236,9.375e-05,0.00048750000000000003
1237,0.00013125000000000002,0.00048750000000000003
1238,0.00016875,0.00048750000000000003
1239,0.00020625000000000003,0.00048750000000000003
1240,0.00024375000000000002,0.00048750000000000003
1241,0.00028125000000000003,0.00048750000000000003
1242,0.00031875,0.00048750000000000003
1243,0.00035625,0.00048750000000000003
1244,0.00039375000000000006,0.00048750000000000003
1245,0.00043125000000000005,0.00048750000000000003
1246,0.00046875000000000004,0.00048750000000000003
1247,0.0005062500000000001,0.00048750000000000003
1248,0.0005437500000000001,0.00048750000000000003
1249,0.0005812500000000001,0.00048750000000000003
1250,0.00061875,0.00048750000000000003
1251,0.00065625,0.00048750000000000003
1252,0.00069375,0.00048750000000000003
1253,0.00073125,0.00048750000000000003
1254,0.0,0.0005062500000000001
1255,1.8750000000000002e-05,0.0005062500000000001
1256,3.7500000000000003e-05,0.0005062500000000001
1257,5.6250000000000005e-05,0.0005062500000000001
1258,7.500000000000001e-05,0.0005062500000000001
1259,9.375e-05,0.0005062500000000001
1260,0.00011250000000000001,0.0005062500000000001
1261,0.00013125000000000002,0.0005062500000000001
1262,0.00015000000000000001,0.0005062500000000001
1263,0.00016875,0.0005062500000000001
1264,0.0001875,0.0005062500000000001
1265,0.00020625000000000003,0.0005062500000000001
1266,0.00022500000000000002,0.0005062500000000001
1267,0.00024375000000000002,0.0005062500000000001
1268,0.00026250000000000004,0.0005062500000000001
1269,0.00028125000000000003,0.0005062500000000001
1270,0.00030000000000000003,0.0005062500000000001
1271,0.00031875,0.0005062500000000001
1272,0.0003375,0.0005062500000000001
1273,0.00035625,0.0005062500000000001
1274,0.000375,0.0005062500000000001
1275,0.00039375000000000006,0.0005062500000000001
1276,0.00041250000000000005,0.0005062500000000001
1277,0.00043125000000000005,0.0005062500000000001
1278,0.00045000000000000004,0.0005062500000000001
1279,0.00046875000000000004,0.0005062500000000001
1280,0.00048750000000000003,0.0005062500000000001
1281,0.0005062500000000001,0.0005062500000000001
1282,0.0005250000000000001,0.0005062500000000001
1283,0.0005437500000000001,0.0005062500000000001
1284,0.0005625000000000001,0.0005062500000000001
1285,0.0005812500000000001,0.0005062500000000001
1286,0.0006000000000000001,0.0005062500000000001
1287,0.00061875,0.0005062500000000001
1288,0.0006375,0.0005062500000000001
1289,0.00065625,0.0005062500000000001
1290,0.000675,0.0005062500000000001
1291,0.00069375,0.0005062500000000001
1292,0.0007125,0.0005062500000000001
1293,0.00073125,0.0005062500000000001
1294,0.00075,0.0005062500000000001
1295,1.8750000000000002e-05,0.0005250000000000001
1296,5.6250000000000005e-05,0.0005250000000000001
1297,9.375e-05,0.0005250000000000001
1298,0.00013125000000000002,0.0005250000000000001
1299,0.00016875,0.0005250000000000001
1300,0.00020625000000000003,0.0005250000000000001
1301,0.00024375000000000002,0.0005250000000000001
1302,0.00028125000000000003,0.0005250000000000001
1303,0.00031875,0.0005250000000000001
1304,0.00035625,0.0005250000000000001
1305,0.00039375000000000006,0.0005250000000000001
1306,0.00043125000000000005,0.0005250000000000001
1307,0.00046875000000000004,0.0005250000000000001
1308,0.0005062500000000001,0.0005250000000000001
1309,0.0005437500000000001,0.0005250000000000001
1310,0.0005812500000000001,0.0005250000000000001
1311,0.00061875,0.0005250000000000001
1312,0.00065625,0.0005250000000000001
1313,0.00069375,0.0005250000000000001
1314,0.00073125,0.0005250000000000001
1315,0.0,0.0005437500000000001
1316,1.8750000000000002e-05,0.0005437500000000001
1317,3.7500000000000003e-05,0.0005437500000000001
1318,5.6250000000000005e-05,0.0005437500000000001
1319,7.500000000000001e-05,0.0005437500000000001
1320,9.375e-05,0.0005437500000000001
1321,0.00011250000000000001,0.0005437500000000001
1322,0.00013125000000000002,0.0005437500000000001
1323,0.00015000000000000001,0.0005437500000000001
1324,0.00016875,0.0005437500000000001
1325,0.0001875,0.0005437500000000001
1326,0.00020625000000000003,0.0005437500000000001
1327,0.00022500000000000002,0.0005437500000000001
1328,0.00024375000000000002,0.0005437500000000001
1329,0.00026250000000000004,0.0005437500000000001
1330,0.00028125000000000003,0.0005437500000000001
1331,0.00030000000000000003,0.0005437500000000001
1332,0.00031875,0.0005437500000000001
1333,0.0003375,0.0005437500000000001
1334,0.00035625,0.0005437500000000001
1335,0.000375,0.0005437500000000001
1336,0.00039375000000000006,0.0005437500000000001
1337,0.00041250000000000005,0.0005437500000000001
1338,0.00043125000000000005,0.0005437500000000001
1339,0.00045000000000000004,0.0005437500000000001
1340,0.00046875000000000004,0.0005437500000000001
1341,0.00048750000000000003,0.0005437500000000001
1342,0.0005062500000000001,0.0005437500000000001
1343,0.0005250000000000001,0.0005437500000000001
1344,0.0005437500000000001,0.0005437500000000001
1345,0.0005625000000000001,0.0005437500000000001
1346,0.0005812500000000001,0.0005437500000000001
1347,0.0006000000000000001,0.0005437500000000001
1348,0.00061875,0.0005437500000000001
1349,0.0006375,0.0005437500000000001
1350,0.00065625,0.0005437500000000001
1351,0.000675,0.0005437500000000001
1352,0.00069375,0.0005437500000000001
1353,0.0007125,0.0005437500000000001
1354,0.00073125,0.0005437500000000001
1355,0.00075,0.0005437500000000001
1356,1.8750000000000002e-05,0.0005625000000000001
1357,5.6250000000000005e-05,0.0005625000000000001
1358,9.375e-05,0.0005625000000000001
1359,0.00013125000000000002,0.0005625000000000001
1360,0.00016875,0.0005625000000000001
1361,0.00020625000000000003,0.0005625000000000001
1362,0.00024375000000000002,0.0005625000000000001
1363,0.00028125000000000003,0.0005625000000000001
1364,0.00031875,0.0005625000000000001
1365,0.00035625,0.0005625000000000001
1366,0.00039375000000000006,0.0005625000000000001
1367,0.00043125000000000005,0.0005625000000000001
1368,0.00046875000000000004,0.0005625000000000001
1369,0.0005062500000000001,0.0005625000000000001
1370,0.0005437500000000001,0.0005625000000000001
1371,0.0005812500000000001,0.0005625000000000001
1372,0.00061875,0.0005625000000000001
1373,0.00065625,0.0005625000000000001
1374,0.00069375,0.0005625000000000001
1375,0.00073125,0.0005625000000000001
1376,0.0,0.0005812500000000001
1377,1.8750000000000002e-05,0.0005812500000000001
1378,3.7500000000000003e-05,0.0005812500000000001
1379,5.6250000000000005e-05,0.0005812500000000001
1380,7.500000000000001e-05,0.0005812500000000001
1381,9.375e-05,0.0005812500000000001
1382,0.00011250000000000001,0.0005812500000000001
1383,0.00013125000000000002,0.0005812500000000001
1384,0.00015000000000000001,0.0005812500000000001
1385,0.00016875,0.0005812500000000001
1386,0.0001875,0.0005812500000000001
1387,0.00020625000000000003,0.0005812500000000001
1388,0.00022500000000000002,0.0005812500000000001
1389,0.00024375000000000002,0.0005812500000000001
1390,0.00026250000000000004,0.0005812500000000001
1391,0.00028125000000000003,0.0005812500000000001
1392,0.00030000000000000003,0.0005812500000000001
1393,0.00031875,0.0005812500000000001
1394,0.0003375,0.0005812500000000001
1395,0.00035625,0.0005812500000000001
1396,0.000375,0.0005812500000000001
1397,0.00039375000000000006,0.0005812500000000001
1398,0.00041250000000000005,0.0005812500000000001
1399,0.00043125000000000005,0.0005812500000000001
1400,0.00045000000000000004,0.0005812500000000001
1401,0.00046875000000000004,0.0005812500000000001
1402,0.00048750000000000003,0.0005812500000000001
1403,0.0005062500000000001,0.0005812500000000001
1404,0.0005250000000000001,0.0005812500000000001
1405,0.0005437500000000001,0.0005812500000000001
1406,0.0005625000000000001,0.0005812500000000001
1407,0.0005812500000000001,0.0005812500000000001
1408,0.0006000000000000001,0.0005812500000000001
1409,0.00061875,0.0005812500000000001
1410,0.0006375,0.0005812500000000001
1411,0.00065625,0.0005812500000000001
1412,0.000675,0.0005812500000000001
1413,0.00069375,0.0005812500000000001
1414,0.0007125,0.0005812500000000001
1415,0.00073125,0.0005812500000000001
1416,0.00075,0.0005812500000000001
1417,1.8750000000000002e-05,0.0006000000000000001
1418,5.6250000000000005e-05,0.0006000000000000001
1419,9.375e-05,0.0006000000000000001
1420,0.00013125000000000002,0.0006000000000000001
1421,0.00016875,0.0006000000000000001
1422,0.00020625000000000003,0.0006000000000000001
1423,0.00024375000000000002,0.0006000000000000001
1424,0.00028125000000000003,0.0006000000000000001
1425,0.00031875,0.0006000000000000001
1426,0.00035625,0.0006000000000000001
1427,0.00039375000000000006,0.0006000000000000001
1428,0.00043125000000000005,0.0006000000000000001
1429,0.00046875000000000004,0.0006000000000000001
1430,0.0005062500000000001,0.0006000000000000001
1431,0.0005437500000000001,0.0006000000000000001
1432,0.0005812500000000001,0.0006000000000000001
1433,0.00061875,0.0006000000000000001
1434,0.00065625,0.0006000000000000001
1435,0.00069375,0.0006000000000000001
1436,0.00073125,0.0006000000000000001
1437,0.0,0.00061875
1438,1.8750000000000002e-05,0.00061875
1439,3.7500000000000003e-05,0.00061875
1440,5.6250000000000005e-05,0.00061875
1441,7.500000000000001e-05,0.00061875
1442,9.375e-05,0.00061875
1443,0.00011250000000000001,0.00061875
1444,0.00013125000000000002,0.00061875
1445,0.00015000000000000001,0.00061875
1446,0.00016875,0.00061875
1447,0.0001875,0.00061875
1448,0.00020625000000000003,0.00061875
1449,0.00022500000000000002,0.00061875
1450,0.00024375000000000002,0.00061875
1451,0.00026250000000000004,0.00061875
1452,0.00028125000000000003,0.00061875
1453,0.00030000000000000003,0.00061875
1454,0.00031875,0.00061875
1455,0.0003375,0.00061875
1456,0.00035625,0.00061875
1457,0.000375,0.00061875
1458,0.00039375000000000006,0.00061875
1459,0.00041250000000000005,0.00061875
1460,0.00043125000000000005,0.00061875
1461,0.00045000000000000004,0.00061875
1462,0.00046875000000000004,0.00061875
1463,0.00048750000000000003,0.00061875
1464,0.0005062500000000001,0.00061875
1465,0.0005250000000000001,0.00061875
1466,0.0005437500000000001,0.00061875
1467,0.0005625000000000001,0.00061875
1468,0.0005812500000000001,0.00061875
1469,0.0006000000000000001,0.00061875
1470,0.00061875,0.00061875
1471,0.0006375,0.00061875
1472,0.00065625,0.00061875
1473,0.000675,0.00061875
1474,0.00069375,0.00061875
1475,0.0007125,0.00061875
1476,0.00073125,0.00061875
1477,0.00075,0.00061875
1478,1.8750000000000002e-05,0.0006375
1479,5.6250000000000005e-05,0.0006375
1480,9.375e-05,0.0006375
1481,0.00013125000000000002,0.0006375
1482,0.00016875,0.0006375
1483,0.00020625000000000003,0.0006375
1484,0.00024375000000000002,0.0006375
1485,0.00028125000000000003,0.0006375
1486,0.00031875,0.0006375
1487,0.00035625,0.0006375
1488,0.00039375000000000006,0.0006375
1489,0.00043125000000000005,0.0006375
1490,0.00046875000000000004,0.0006375
1491,0.0005062500000000001,0.0006375
1492,0.0005437500000000001,0.0006375
1493,0.0005812500000000001,0.0006375
1494,0.00061875,0.0006375
1495,0.00065625,0.0006375
1496,0.00069375,0.0006375
1497,0.00073125,0.0006375
1498,0.0,0.00065625
1499,1.8750000000000002e-05,0.00065625
1500,3.7500000000000003e-05,0.00065625
1501,5.6250000000000005e-05,0.00065625
1502,7.500000000000001e-05,0.00065625
1503,9.375e-05,0.00065625
1504,0.00011250000000000001,0.00065625
1505,0.00013125000000000002,0.00065625
1506,0.00015000000000000001,0.00065625
1507,0.00016875,0.00065625
1508,0.0001875,0.00065625
1509,0.00020625000000000003,0.00065625
1510,0.00022500000000000002,0.00065625
1511,0.00024375000000000002,0.00065625
1512,0.00026250000000000004,0.00065625
1513,0.00028125000000000003,0.00065625
1514,0.00030000000000000003,0.00065625
1515,0.00031875,0.00065625
1516,0.0003375,0.00065625
1517,0.00035625,0.00065625
1518,0.000375,0.00065625
1519,0.00039375000000000006,0.00065625
1520,0.00041250000000000005,0.00065625
1521,0.00043125000000000005,0.00065625
1522,0.00045000000000000004,0.00065625
1523,0.00046875000000000004,0.00065625
1524,0.00048750000000000003,0.00065625
1525,0.0005062500000000001,0.00065625
1526,0.0005250000000000001,0.00065625
1527,0.0005437500000000001,0.00065625
1528,0.0005625000000000001,0.00065625
1529,0.0005812500000000001,0.00065625
1530,0.0006000000000000001,0.00065625
1531,0.00061875,0.00065625
1532,0.0006375,0.00065625
1533,0.00065625,0.00065625
1534,0.000675,0.00065625
1535,0.00069375,0.00065625
1536,0.0007125,0.00065625
1537,0.00073125,0.00065625
1538,0.00075,0.00065625
1539,1.8750000000000002e-05,0.000675
1540,5.6250000000000005e-05,0.000675
1541,9.375e-05,0.000675
1542,0.00013125000000000002,0.000675
1543,0.00016875,0.000675
1544,0.00020625000000000003,0.000675
1545,0.00024375000000000002,0.000675
1546,0.00028125000000000003,0.000675
1547,0.00031875,0.000675
1548,0.00035625,0.000675
1549,0.00039375000000000006,0.000675
1550,0.00043125000000000005,0.000675
1551,0.00046875000000000004,0.000675
1552,0.0005062500000000001,0.000675
1553,0.0005437500000000001,0.000675
1554,0.0005812500000000001,0.000675
1555,0.00061875,0.000675
1556,0.00065625,0.000675
1557,0.00069375,0.000675
1558,0.00073125,0.000675
1559,0.0,0.00069375
1560,1.8750000000000002e-05,0.00069375
1561,3.7500000000000003e-05,0.00069375
1562,5.6250000000000005e-05,0.00069375
1563,7.500000000000001e-05,0.00069375
1564,9.375e-05,0.00069375
1565,0.00011250000000000001,0.00069375
1566,0.00013125000000000002,0.00069375
1567,0.00015000000000000001,0.00069375
1568,0.00016875,0.00069375
1569,0.0001875,0.00069375
1570,0.00020625000000000003,0.00069375
1571,0.00022500000000000002,0.00069375
1572,0.00024375000000000002,0.00069375
1573,0.00026250000000000004,0.00069375
1574,0.00028125000000000003,0.00069375
1575,0.00030000000000000003,0.00069375
1576,0.00031875,0.00069375
1577,0.0003375,0.00069375
1578,0.00035625,0.00069375
1579,0.000375,0.00069375
1580,0.00039375000000000006,0.00069375
1581,0.00041250000000000005,0.00069375
1582,0.00043125000000000005,0.00069375
1583,0.00045000000000000004,0.00069375
1584,0.00046875000000000004,0.00069375
1585,0.00048750000000000003,0.00069375
1586,0.0005062500000000001,0.00069375
1587,0.0005250000000000001,0.00069375
1588,0.0005437500000000001,0.00069375
1589,0.0005625000000000001,0.00069375
1590,0.0005812500000000001,0.00069375
1591,0.0006000000000000001,0.00069375
1592,0.00061875,0.00069375
1593,0.0006375,0.00069375
1594,0.00065625,0.00069375
1595,0.000675,0.00069375
1596,0.00069375,0.00069375
1597,0.0007125,0.00069375
1598,0.00073125,0.00069375
1599,0.00075,0.00069375
1600,1.8750000000000002e-05,0.0007125
1601,5.6250000000000005e-05,0.0007125
1602,9.375e-05,0.0007125
1603,0.00013125000000000002,0.0007125
1604,0.00016875,0.0007125
1605,0.00020625000000000003,0.0007125
1606,0.00024375000000000002,0.0007125
1607,0.00028125000000000003,0.0007125
1608,0.00031875,0.0007125
1609,0.00035625,0.0007125
1610,0.00039375000000000006,0.0007125
1611,0.00043125000000000005,0.0007125
1612,0.00046875000000000004,0.0007125
1613,0.0005062500000000001,0.0007125
1614,0.0005437500000000001,0.0007125
1615,0.0005812500000000001,0.0007125
1616,0.00061875,0.0007125
1617,0.00065625,0.0007125
1618,0.00069375,0.0007125
1619,0.00073125,0.0007125
1620,0.0,0.00073125
1621,1.8750000000000002e-05,0.00073125
1622,3.7500000000000003e-05,0.00073125
1623,5.6250000000000005e-05,0.00073125
1624,7.500000000000001e-05,0.00073125
1625,9.375e-05,0.00073125
1626,0.00011250000000000001,0.00073125
1627,0.00013125000000000002,0.00073125
1628,0.00015000000000000001,0.00073125
1629,0.00016875,0.00073125
1630,0.0001875,0.00073125
1631,0.00020625000000000003,0.00073125
1632,0.00022500000000000002,0.00073125
1633,0.00024375000000000002,0.00073125
1634,0.00026250000000000004,0.00073125
1635,0.00028125000000000003,0.00073125
1636,0.00030000000000000003,0.00073125
1637,0.00031875,0.00073125
1638,0.0003375,0.00073125
1639,0.00035625,0.00073125
1640,0.000375,0.00073125
1641,0.00039375000000000006,0.00073125
1642,0.00041250000000000005,0.00073125
1643,0.00043125000000000005,0.00073125
1644,0.00045000000000000004,0.00073125
1645,0.00046875000000000004,0.00073125
1646,0.00048750000000000003,0.00073125
1647,0.0005062500000000001,0.00073125
1648,0.0005250000000000001,0.00073125
1649,0.0005437500000000001,0.00073125
1650,0.0005625000000000001,0.00073125
1651,0.0005812500000000001,0.00073125
1652,0.0006000000000000001,0.00073125
1653,0.00061875,0.00073125
1654,0.0006375,0.00073125
1655,0.00065625,0.00073125
1656,0.000675,0.00073125
1657,0.00069375,0.00073125
1658,0.0007125,0.00073125
1659,0.00073125,0.00073125
1660,0.00075,0.00073125
1661,1.8750000000000002e-05,0.00075
1662,5.6250000000000005e-05,0.00075
1663,9.375e-05,0.00075
1664,0.00013125000000000002,0.00075
1665,0.00016875,0.00075
1666,0.00020625000000000003,0.00075
1667,0.00024375000000000002,0.00075
1668,0.00028125000000000003,0.00075
1669,0.00031875,0.00075
1670,0.00035625,0.00075
1671,0.00039375000000000006,0.00075
1672,0.00043125000000000005,0.00075
1673,0.00046875000000000004,0.00075
1674,0.0005062500000000001,0.00075
1675,0.0005437500000000001,0.00075
1676,0.0005812500000000001,0.00075
1677,0.00061875,0.00075
1678,0.00065625,0.00075
1679,0.00069375,0.00075
1680,0.00073125,0.00075
